date,close,adj_close
2022-08-31,20.0,19.787365
2022-09-01,20.0,19.787365
2022-09-02,20.0,19.787365
2022-09-06,20.0,19.787365
2022-09-07,20.0,19.787365
2022-09-08,20.0,19.787365
2022-09-09,20.0,19.787365
2022-09-12,20.0,19.787365
2022-09-13,20.0,19.787365
2022-09-14,20.0,19.787365
2022-09-15,20.0,19.787365
2022-09-16,20.0,19.787365
2022-09-19,20.0,19.787365
2022-09-20,20.0,19.787365
2022-09-21,20.0,19.787365
2022-09-22,20.0,19.787365
2022-09-23,19.870001,19.658747
2022-09-26,19.799999,19.589489
2022-09-27,19.77,19.559811
2022-09-28,19.74,19.530128
2022-09-29,19.719999,19.510342
2022-09-30,19.709999,19.500446
2022-10-03,19.66,19.450979
2022-10-04,19.65,19.441086
2022-10-05,19.639999,19.43119
2022-10-06,19.68,19.470766
2022-10-07,19.23,19.025551
2022-10-10,19.030001,18.827677
2022-10-11,18.889999,18.689165
2022-10-12,18.950001,18.748528
2022-10-13,18.950001,18.748528
2022-10-14,18.67,18.471504
2022-10-17,19.030001,18.827677
2022-10-18,19.09,18.887039
2022-10-19,18.950001,18.748528
2022-10-20,18.99,18.788103
2022-10-21,19.030001,18.827677
2022-10-24,18.99,18.788103
2022-10-25,19.219999,19.015657
2022-10-26,19.15,18.946402
2022-10-27,19.18,18.976084
2022-10-28,19.24,19.035444
2022-10-31,19.17,18.966188
2022-11-01,19.15,18.946402
2022-11-02,18.879999,18.679272
2022-11-03,18.82,18.619911
2022-11-04,18.559999,18.362673
2022-11-07,18.58,18.382462
2022-11-08,18.549999,18.352779
2022-11-09,18.190001,17.996609
2022-11-10,18.73,18.530867
2022-11-11,19.040001,18.837572
2022-11-14,18.9,18.699059
2022-11-15,19.07,18.86725
2022-11-16,18.74,18.54076
2022-11-17,18.66,18.461611
2022-11-18,18.549999,18.352779
2022-11-21,18.290001,18.095545
2022-11-22,18.34,18.145014
2022-11-23,18.559999,18.362673
2022-11-25,18.5,18.303312
2022-11-28,18.35,18.154907
2022-11-29,18.280001,18.085653
2022-11-30,18.700001,18.501186
2022-12-01,19.02,18.817783
2022-12-02,19.049999,18.847464
2022-12-05,18.6,18.402248
2022-12-06,18.26,18.065865
2022-12-07,18.15,17.957033
2022-12-08,18.370001,18.174694
2022-12-09,18.25,18.055969
2022-12-12,18.4,18.204376
2022-12-13,18.360001,18.164801
2022-12-14,18.32,18.125225
2022-12-15,17.860001,17.670118
2022-12-16,17.76,17.571178
2022-12-19,17.57,17.383198
2022-12-20,17.530001,17.343626
2022-12-21,17.620001,17.432671
2022-12-22,17.34,17.155645
2022-12-23,17.26,17.076496
2022-12-27,16.99,16.809366
2022-12-28,16.99,16.809366
2022-12-29,17.370001,17.185328
2022-12-30,17.42,17.234795
2023-01-03,17.15,16.967665
2023-01-04,17.530001,17.343626
2023-01-05,17.299999,17.11607
2023-01-06,17.389999,17.205112
2023-01-09,17.790001,17.600863
2023-01-10,18.059999,17.867989
2023-01-11,18.26,18.065865
2023-01-12,18.42,18.224163
2023-01-13,18.530001,18.332993
2023-01-17,18.379999,18.184587
2023-01-18,18.09,17.897673
2023-01-19,17.82,17.630541
2023-01-20,18.34,18.145014
2023-01-23,18.77,18.57044
2023-01-24,18.610001,18.412144
2023-01-25,18.59,18.392355
2023-01-26,18.85,18.649591
2023-01-27,19.43,19.223425
2023-01-30,18.799999,18.600122
2023-01-31,19.190001,18.985975
2023-02-01,19.73,19.520233
2023-02-02,20.610001,20.390881
2023-02-03,20.17,19.955557
2023-02-06,20.09,19.876408
2023-02-07,19.969999,19.757681
2023-02-08,19.700001,19.490555
2023-02-09,19.33,19.124487
2023-02-10,18.940001,18.738636
2023-02-13,19.1,18.896933
2023-02-14,19.41,19.203638
2023-02-15,20.17,19.955557
2023-02-16,20.059999,19.846725
2023-02-17,19.940001,19.728003
2023-02-21,19.290001,19.084915
2023-02-22,19.43,19.223425
2023-02-23,19.360001,19.154171
2023-02-24,19.030001,18.827677
2023-02-27,19.120001,18.916721
2023-02-28,19.34,19.134382
2023-03-01,19.139999,18.936506
2023-03-02,19.27,19.065126
2023-03-03,19.620001,19.411406
2023-03-06,19.43,19.223425
2023-03-07,19.280001,19.07502
2023-03-08,19.299999,19.094807
2023-03-09,18.809999,18.610016
2023-03-10,18.459999,18.263737
2023-03-13,18.67,18.471504
2023-03-14,18.92,18.718847
2023-03-15,18.98,18.778208
2023-03-16,19.360001,19.154171
2023-03-17,19.280001,19.07502
2023-03-20,19.219999,19.015657
2023-03-21,19.809999,19.599384
2023-03-22,19.299999,19.094807
2023-03-23,19.059999,18.857359
2023-03-24,19.01,18.80789
2023-03-27,18.959999,18.758421
2023-03-28,18.860001,18.659485
2023-03-29,19.23,19.025551
2023-03-30,18.809999,18.610016
2023-03-31,19.950001,19.737898
2023-04-03,19.73,19.520233
2023-04-04,19.629999,19.421297
2023-04-05,19.24,19.035444
2023-04-06,19.4,19.193743
2023-04-10,19.51,19.302574
2023-04-11,19.610001,19.40151
2023-04-12,19.32,19.114594
2023-04-13,19.639999,19.43119
2023-04-14,19.610001,19.40151
2023-04-17,19.6,19.391619
2023-04-18,19.59,19.381723
2023-04-19,19.52,19.312468
2023-04-20,19.200001,18.995871
2023-04-21,19.209999,19.005762
2023-04-24,19.030001,18.827677
2023-04-25,18.76,18.560549
2023-04-26,18.58,18.382462
2023-04-27,18.700001,18.501186
2023-04-28,18.700001,18.501186
2023-05-01,18.629999,18.431929
2023-05-02,18.43,18.234056
2023-05-03,18.4,18.204376
2023-05-04,18.6,18.402248
2023-05-05,19.049999,18.847464
2023-05-08,19.16,18.956295
2023-05-09,19.280001,19.07502
2023-05-10,19.42,19.213531
2023-05-11,19.4,19.193743
2023-05-12,19.1,18.896933
2023-05-15,19.33,19.124487
2023-05-16,19.09,18.887039
2023-05-17,19.4,19.193743
2023-05-18,19.58,19.37183
2023-05-19,19.5,19.292679
2023-05-22,19.940001,19.728003
2023-05-23,19.690001,19.480661
2023-05-24,19.639999,19.43119
2023-05-25,19.530001,19.322363
2023-05-26,19.719999,19.510342
2023-05-30,19.93,19.718109
2023-05-31,20.040001,19.826939
2023-06-01,20.219999,20.005024
2023-06-02,20.41,20.193005
2023-06-05,20.469999,20.252367
2023-06-06,20.530001,20.311729
2023-06-07,20.42,20.2029
2023-06-08,20.5,20.282049
2023-06-09,20.450001,20.23258
2023-06-12,20.59,20.371092
2023-06-13,20.889999,20.667902
2023-06-14,20.870001,20.648115
2023-06-15,21.0,20.776731
2023-06-16,21.01,20.786627
2023-06-20,21.059999,20.836094
2023-06-21,20.77,20.549179
2023-06-22,20.790001,20.568966
2023-06-23,20.68,20.460136
2023-06-26,22.360001,22.122274
2023-06-27,22.790001,22.547701
2023-06-28,22.969999,22.725786
2023-06-29,22.92,22.676319
2023-06-30,23.43,23.180899
2023-07-03,23.690001,23.438133
2023-07-05,23.65,23.398558
2023-07-06,23.309999,23.062174
2023-07-07,23.440001,23.190792
2023-07-10,23.709999,23.45792
2023-07-11,24.059999,23.804197
2023-07-12,24.1,23.843775
2023-07-13,24.700001,24.437397
2023-07-14,24.51,24.249416
2023-07-17,24.75,24.486864
2023-07-18,24.85,24.5858
2023-07-19,25.01,24.744099
2023-07-20,24.459999,24.199945
2023-07-21,24.43,24.170265
2023-07-24,24.35,24.091116
2023-07-25,24.34,24.081223
2023-07-26,24.360001,24.101009
2023-07-27,24.059999,23.804197
2023-07-28,24.639999,24.378033
2023-07-31,25.24,24.971655
2023-08-01,25.01,24.744099
2023-08-02,24.370001,24.110905
2023-08-03,24.26,24.002073
2023-08-04,24.030001,23.774519
2023-08-07,23.82,23.56675
2023-08-08,23.74,23.487602
2023-08-09,23.370001,23.121536
2023-08-10,23.25,23.002811
2023-08-11,23.17,22.923662
2023-08-14,23.26,23.012705
2023-08-15,23.07,22.824724
2023-08-16,22.860001,22.616957
2023-08-17,22.66,22.419085
2023-08-18,22.68,22.438871
2023-08-21,22.950001,22.706001
2023-08-22,22.950001,22.706001
2023-08-23,23.18,22.933556
2023-08-24,22.83,22.587276
2023-08-25,22.889999,22.646639
2023-08-28,23.120001,22.874193
2023-08-29,23.629999,23.378769
2023-08-30,23.700001,23.448027
2023-08-31,23.690001,23.438133
2023-09-01,23.639999,23.388664
2023-09-05,23.67,23.418346
2023-09-06,23.66,23.408451
2023-09-07,23.639999,23.388664
2023-09-08,23.549999,23.299622
2023-09-11,23.74,23.487602
2023-09-12,23.610001,23.358984
2023-09-13,23.459999,23.210577
2023-09-14,23.530001,23.279835
2023-09-15,23.4,23.151215
2023-09-18,23.15,22.903873
2023-09-19,23.040001,22.795044
2023-09-20,22.860001,22.616957
2023-09-21,22.57,22.33004
2023-09-22,22.41,22.171741
2023-09-25,22.35,22.112381
2023-09-26,22.25,22.013441
2023-09-27,22.309999,22.072803
2023-09-28,22.440001,22.201424
2023-09-29,22.440001,22.201424
2023-10-02,21.639999,21.409929
2023-10-03,21.4,21.17248
2023-10-04,21.540001,21.310991
2023-10-05,21.559999,21.330778
2023-10-06,21.73,21.49897
2023-10-09,21.74,21.508865
2023-10-10,21.92,21.686951
2023-10-11,21.83,21.597908
2023-10-12,21.540001,21.310991
2023-10-13,21.360001,21.132906
2023-10-16,21.5,21.271418
2023-10-17,21.620001,21.390142
2023-10-18,21.23,21.004286
2023-10-19,21.049999,20.826199
2023-10-20,20.889999,20.667902
2023-10-23,20.93,20.707476
2023-10-24,21.16,20.935032
2023-10-25,20.719999,20.499708
2023-10-26,20.6,20.380985
2023-10-27,20.43,20.212793
2023-10-30,20.42,20.2029
2023-10-31,20.66,20.440348
2023-11-01,20.690001,20.470028
2023-11-02,21.110001,20.885563
2023-11-03,21.48,21.251629
2023-11-06,21.360001,21.132906
2023-11-07,21.549999,21.320885
2023-11-08,21.42,21.192266
2023-11-09,21.24,21.014181
2023-11-10,21.34,21.113119
2023-11-13,21.379999,21.152691
2023-11-14,21.690001,21.459398
2023-11-15,21.83,21.597908
2023-11-16,21.709999,21.479181
2023-11-17,21.92,21.686951
2023-11-20,22.129999,21.894716
2023-11-21,21.92,21.686951
2023-11-22,22.030001,21.795782
2023-11-24,22.120001,21.884827
2023-11-27,22.139999,21.904612
2023-11-28,22.34,22.102486
2023-11-29,22.379999,22.142059
2023-11-30,22.26,22.023336
2023-12-01,22.629999,22.389402
2023-12-04,22.67,22.428976
2023-12-05,22.57,22.33004
2023-12-06,22.559999,22.320147
2023-12-07,22.629999,22.389402
2023-12-08,22.76,22.518021
2023-12-11,22.65,22.409189
2023-12-12,25.559999,25.28825
2023-12-13,25.959999,25.683998
2023-12-14,26.389999,26.109426
2023-12-15,26.219999,25.941233
2023-12-18,26.200001,25.921448
2023-12-19,26.610001,26.327089
2023-12-20,26.209999,25.931339
2023-12-21,26.43,26.149002
2023-12-22,26.639999,26.356768
2023-12-26,27.040001,26.752518
2023-12-27,26.959999,26.874126
2023-12-28,26.940001,26.854193
2023-12-29,27.879999,27.791197
2024-01-02,27.59,27.502121
2024-01-03,27.209999,27.123331
2024-01-04,27.360001,27.272856
2024-01-05,27.379999,27.292789
2024-01-08,27.700001,27.611773
2024-01-09,27.559999,27.472218
2024-01-10,27.450001,27.362568
2024-01-11,27.190001,27.103395
2024-01-12,27.0,26.914001
2024-01-16,26.790001,26.70467
2024-01-17,27.120001,27.033619
2024-01-18,27.040001,26.953875
2024-01-19,27.139999,27.053555
2024-01-22,27.4,27.312727
2024-01-23,27.42,27.332663
2024-01-24,27.209999,27.123331
2024-01-25,27.190001,27.103395
2024-01-26,26.84,26.754511
2024-01-29,27.17,27.08346
2024-01-30,27.01,26.923969
2024-01-31,26.360001,26.276039
2024-02-01,26.41,26.32588
2024-02-02,26.48,26.395657
2024-02-05,26.32,26.236166
2024-02-06,26.58,26.495338
2024-02-07,26.639999,26.555147
2024-02-08,26.790001,26.70467
2024-02-09,27.48,27.392471
2024-02-12,27.65,27.56193
2024-02-13,27.299999,27.213045
2024-02-14,27.629999,27.541994
2024-02-15,27.790001,27.701485
2024-02-16,27.700001,27.611773
2024-02-20,27.49,27.402439
2024-02-21,27.389999,27.302757
2024-02-22,27.549999,27.462248
2024-02-23,27.51,27.422377
2024-02-26,27.639999,27.551962
2024-02-27,27.84,27.751326
2024-02-28,27.73,27.641676
2024-02-29,27.719999,27.631706
2024-03-01,27.690001,27.601803
2024-03-04,27.65,27.56193
2024-03-05,27.469999,27.382504
2024-03-06,27.57,27.482185
2024-03-07,27.6,27.512091
2024-03-08,27.639999,27.551962
2024-03-11,27.6,27.512091
2024-03-12,27.57,27.482185
2024-03-13,27.6,27.512091
2024-03-14,26.51,26.425562
2024-03-15,26.530001,26.445499
2024-03-18,26.51,26.425562
2024-03-19,26.459999,26.375719
2024-03-20,26.67,26.585052
2024-03-21,26.709999,26.624924
2024-03-22,26.58,26.495338
2024-03-25,26.68,26.59502
2024-03-26,26.65,26.565115
2024-03-27,26.690001,26.604988
2024-03-28,26.67,26.585052
2024-04-01,26.57,26.485371
2024-04-02,26.43,26.345818
2024-04-03,26.42,26.335848
2024-04-04,26.35,26.266071
2024-04-05,26.33,26.246136
2024-04-08,26.42,26.335848
2024-04-09,26.43,26.345818
2024-04-10,26.33,26.246136
2024-04-11,26.309999,26.226198
2024-04-12,26.309999,26.226198
2024-04-15,25.92,25.83744
2024-04-16,25.879999,25.797567
2024-04-17,25.780001,25.697887
2024-04-18,25.77,25.68792
2024-04-19,25.67,25.588238
2024-04-22,25.75,25.667982
2024-04-23,25.85,25.767664
2024-04-24,25.809999,25.727791
2024-04-25,25.809999,25.727791
2024-04-26,25.889999,25.807535
2024-04-29,25.940001,25.857378
2024-04-30,25.799999,25.717823
2024-05-01,25.85,25.767664
2024-05-02,25.940001,25.857378
2024-05-03,25.959999,25.877312
2024-05-06,26.049999,25.967026
2024-05-07,25.950001,25.867346
2024-05-08,25.870001,25.787601
2024-05-09,25.83,25.747728
2024-05-10,25.73,25.648046
2024-05-13,25.790001,25.707855
2024-05-14,25.860001,25.777632
2024-05-15,25.91,25.827473
2024-05-16,25.84,25.757696
2024-05-17,25.879999,25.797567
2024-05-20,25.92,25.83744
2024-05-21,25.889999,25.807535
2024-05-22,25.860001,25.777632
2024-05-23,25.77,25.68792
2024-05-24,25.83,25.747728
2024-05-28,25.82,25.737759
2024-05-29,25.780001,25.697887
2024-05-30,25.780001,25.697887
2024-05-31,25.780001,25.697887
2024-06-03,25.76,25.67795
2024-06-04,25.77,25.68792
2024-06-05,25.84,25.757696
2024-06-06,25.9,25.817505
2024-06-07,25.83,25.747728
2024-06-10,25.860001,25.777632
2024-06-11,25.860001,25.777632
2024-06-12,25.92,25.83744
2024-06-13,25.870001,25.787601
2024-06-14,25.84,25.757696
2024-06-17,25.870001,25.787601
2024-06-18,25.860001,25.777632
2024-06-20,25.83,25.747728
2024-06-21,25.809999,25.727791
2024-06-24,25.77,25.68792
2024-06-25,25.799999,25.717823
2024-06-26,25.790001,25.707855
2024-06-27,25.799999,25.717823
2024-06-28,25.83,25.747728
2024-07-01,25.85,25.767664
2024-07-02,25.870001,25.787601
2024-07-03,25.9,25.817505
2024-07-05,25.92,25.83744
2024-07-08,25.92,25.83744
2024-07-09,25.92,25.83744
2024-07-10,25.91,25.827473
2024-07-11,25.889999,25.807535
2024-07-12,25.969999,25.887281
2024-07-15,26.049999,25.967026
2024-07-16,26.17,26.086645
2024-07-17,26.129999,26.046772
2024-07-18,25.99,25.907217
2024-07-19,26.0,25.917187
2024-07-22,26.059999,25.976994
2024-07-23,26.059999,25.976994
2024-07-24,25.85,25.767664
2024-07-25,25.83,25.747728
2024-07-26,25.879999,25.797567
2024-07-29,25.870001,25.787601
2024-07-30,25.860001,25.777632
2024-07-31,26.01,25.927155
2024-08-01,25.809999,25.727791
2024-08-02,25.629999,25.548365
2024-08-05,25.49,25.40881
2024-08-06,25.549999,25.468618
2024-08-07,25.48,25.398842
2024-08-08,25.66,25.578268
2024-08-09,25.66,25.578268
2024-08-12,25.6,25.518461
2024-08-13,25.76,25.67795
2024-08-14,25.690001,25.608173
2024-08-15,25.879999,25.797567
2024-08-16,25.889999,25.807535
2024-08-19,25.969999,25.887281
2024-08-20,25.940001,25.857378
2024-08-21,26.040001,25.95706
2024-08-22,25.92,25.83744
2024-08-23,26.08,25.996931
2024-08-26,26.030001,25.947092
2024-08-27,25.99,25.907217
2024-08-28,25.889999,25.807535
2024-08-29,25.92,25.83744
2024-08-30,25.93,25.84741
2024-09-03,25.74,25.658014
2024-09-04,25.719999,25.638077
2024-09-05,25.76,25.67795
2024-09-06,25.6,25.518461
2024-09-09,25.709999,25.628109
2024-09-10,25.75,25.667982
2024-09-11,25.83,25.747728
2024-09-12,25.879999,25.797567
2024-09-13,25.91,25.827473
2024-09-16,25.9,25.817505
2024-09-17,25.940001,25.857378
2024-09-18,25.959999,25.877312
2024-09-19,26.049999,25.967026
2024-09-20,26.0,25.917187
2024-09-23,26.0,25.917187
2024-09-24,26.049999,25.967026
2024-09-25,26.42,26.335848
2024-09-26,26.49,26.405624
2024-09-27,26.52,26.43553
2024-09-30,27.059999,26.973808
2024-10-01,26.959999,26.874126
2024-10-02,26.940001,26.854193
2024-10-03,26.91,26.824287
2024-10-04,26.950001,26.864161
2024-10-07,26.940001,26.854193
2024-10-08,26.98,26.894064
2024-10-09,26.99,26.904032
2024-10-10,26.889999,26.80435
2024-10-11,26.940001,26.854193
2024-10-14,26.969999,26.884096
2024-10-15,26.950001,26.864161
2024-10-16,26.98,26.894064
2024-10-17,26.92,26.834255
2024-10-18,26.969999,26.884096
2024-10-21,26.940001,26.854193
2024-10-22,26.93,26.844225
2024-10-23,26.84,26.754511
2024-10-24,26.91,26.824287
2024-10-25,26.91,26.824287
2024-10-28,27.0,26.914001
2024-10-29,26.99,26.904032
2024-10-30,26.969999,26.884096
2024-10-31,26.83,26.744543
2024-11-01,26.879999,26.794382
2024-11-04,26.9,26.81432
2024-11-05,26.98,26.894064
2024-11-06,27.219999,27.133299
2024-11-07,27.23,27.143269
2024-11-08,27.35,27.262886
2024-11-11,28.360001,28.26967
2024-11-12,28.27,28.179956
2024-11-13,28.200001,28.11018
2024-11-14,28.030001,27.940722
2024-11-15,27.98,27.890879
2024-11-18,28.049999,27.960655
2024-11-19,28.08,27.990561
2024-11-20,28.07,27.980593
2024-11-21,28.01,27.920784
2024-11-22,28.1,28.010498
2024-11-25,28.219999,28.130114
2024-11-26,28.15,28.060337
2024-11-27,28.24,28.150051
2024-11-29,28.290001,28.199892
2024-12-02,28.41,28.31951
2024-12-03,28.57,28.479
2024-12-04,28.65,28.558744
2024-12-05,28.58,28.488968
2024-12-06,28.73,28.638491
2024-12-09,28.639999,28.548777
2024-12-10,28.620001,28.528841
2024-12-11,29.99,29.894478
2024-12-12,29.85,29.754923
2024-12-13,29.85,29.754923
2024-12-16,30.129999,30.034031
2024-12-17,30.09,29.99416
2024-12-18,29.74,29.645273
2024-12-19,29.68,29.585464
2024-12-20,29.870001,29.77486
2024-12-23,29.879999,29.784826
2024-12-24,30.07,29.974222
2024-12-26,30.139999,30.043999
2024-12-27,29.93,29.93
2024-12-30,29.68,29.68
2024-12-31,29.65,29.65
2025-01-02,29.690001,29.690001
2025-01-03,30.059999,30.059999
2025-01-06,30.209999,30.209999
2025-01-07,30.1,30.1
2025-01-08,30.030001,30.030001
2025-01-10,29.73,29.73
2025-01-13,29.549999,29.549999
2025-01-14,29.459999,29.459999
2025-01-15,29.700001,29.700001
2025-01-16,29.74,29.74
2025-01-17,29.77,29.77
2025-01-21,30.120001,30.120001
2025-01-22,30.32,30.32
2025-01-23,30.360001,30.360001
2025-01-24,30.290001,30.290001
2025-01-27,30.08,30.08
2025-01-28,30.139999,30.139999
2025-01-29,30.110001,30.110001
2025-01-30,30.309999,30.309999
2025-01-31,30.690001,30.690001
2025-02-03,30.610001,30.610001
2025-02-04,30.76,30.76
2025-02-05,30.940001,30.940001
2025-02-06,30.83,30.83
2025-02-07,30.870001,30.870001
2025-02-10,30.860001,30.860001
2025-02-11,30.780001,30.780001
2025-02-12,30.940001,30.940001
2025-02-13,31.16,31.16
2025-02-14,31.59,31.59
2025-02-18,31.549999,31.549999
2025-02-19,31.51,31.51
2025-02-20,31.280001,31.280001
2025-02-21,30.85,30.85
2025-02-24,30.68,30.68
2025-02-25,30.34,30.34
2025-02-26,30.450001,30.450001
2025-02-27,30.23,30.23
2025-02-28,30.309999,30.309999
2025-03-03,29.959999,29.959999
2025-03-04,29.98,29.98
2025-03-05,30.110001,30.110001
2025-03-06,29.299999,29.299999
2025-03-07,30.34,30.34
2025-03-10,29.950001,29.950001
2025-03-11,29.950001,29.950001
2025-03-12,30.1,30.1
2025-03-13,29.889999,29.889999
2025-03-14,30.08,30.08
2025-03-17,30.209999,30.209999
2025-03-18,30.030001,30.030001
2025-03-19,30.17,30.17
2025-03-20,30.139999,30.139999
2025-03-21,30.26,30.26
2025-03-24,30.469999,30.469999
2025-03-25,30.4,30.4
2025-03-26,30.16,30.16
2025-03-27,30.07,30.07
2025-03-28,29.879999,29.879999
2025-03-31,29.459999,29.459999
2025-04-01,29.41,29.41
2025-04-02,29.540001,29.540001
2025-04-03,29.219999,29.219999
2025-04-04,28.700001,28.700001
2025-04-07,28.76,28.76
2025-04-08,28.59,28.59
2025-04-09,28.9,28.9
2025-04-10,28.67,28.67
2025-04-11,29.139999,29.139999
2025-04-14,29.18,29.18
2025-04-15,29.190001,29.190001
2025-04-16,29.65,29.65
2025-04-17,29.65,29.65
2025-04-21,29.610001,29.610001
2025-04-22,29.77,29.77
2025-04-23,29.93,29.93
2025-04-24,30.1,30.1
2025-04-25,30.110001,30.110001
2025-04-28,30.120001,30.120001
2025-04-29,30.139999,30.139999
2025-04-30,30.059999,30.059999
2025-05-01,30.040001,30.040001
2025-05-02,30.190001,30.190001
2025-05-05,30.040001,30.040001
2025-05-06,29.82,29.82
2025-05-07,29.91,29.91
2025-05-08,30.08,30.08
2025-05-09,30.030001,30.030001
2025-05-12,30.24,30.24
2025-05-13,30.52,30.52
2025-05-14,30.49,30.49
2025-05-15,30.469999,30.469999
2025-05-16,30.629999,30.629999
2025-05-19,30.49,30.49
2025-05-20,30.49,30.49
2025-05-21,30.299999,30.299999
2025-05-22,30.33,30.33
2025-05-23,30.299999,30.299999
2025-05-27,30.440001,30.440001
2025-05-28,30.35,30.35
2025-05-29,30.309999,30.309999
2025-05-30,30.280001,30.280001
2025-06-02,30.35,30.35
2025-06-03,30.389999,30.389999
2025-06-04,30.41,30.41
2025-06-05,30.290001,30.290001
2025-06-06,30.52,30.52
2025-06-09,30.629999,30.629999
2025-06-10,30.700001,30.700001
2025-06-11,30.76,30.76
2025-06-12,30.67,30.67
2025-06-13,30.549999,30.549999
2025-06-16,30.690001,30.690001
2025-06-17,30.6,30.6
2025-06-18,30.709999,30.709999
2025-06-20,30.68,30.68
2025-06-23,30.700001,30.700001
2025-06-24,30.860001,30.860001
2025-06-25,30.790001,30.790001
2025-06-26,30.879999,30.879999
2025-06-27,30.799999,30.799999
2025-06-30,31.66,31.66
2025-07-01,31.52,31.52
2025-07-02,31.68,31.68
2025-07-03,31.68,31.68
2025-07-07,31.58,31.58
2025-07-08,31.67,31.67
2025-07-09,31.799999,31.799999
2025-07-10,31.879999,31.879999
2025-07-11,31.780001,31.780001
2025-07-14,31.84,31.84
2025-07-15,31.76,31.76
2025-07-16,31.940001,31.940001
2025-07-17,32.049999,32.049999
2025-07-18,32.189999,32.189999
2025-07-21,32.099998,32.099998
2025-07-22,32.099998,32.099998
2025-07-23,32.169998,32.169998
2025-07-24,32.330002,32.330002
2025-07-25,32.369999,32.369999
2025-07-28,32.34,32.34
2025-07-29,32.330002,32.330002
2025-07-30,32.34,32.34
2025-07-31,33.619999,33.619999
2025-08-01,33.450001,33.450001
2025-08-04,33.619999,33.619999
2025-08-05,33.549999,33.549999
2025-08-06,33.57,33.57
2025-08-07,33.540001,33.540001
2025-08-08,33.540001,33.540001
2025-08-11,33.540001,33.540001
2025-08-12,34.130001,34.130001
2025-08-13,34.169998,34.169998
2025-08-14,34.150002,34.150002
2025-08-15,34.139999,34.139999
2025-08-18,34.130001,34.130001
2025-08-19,33.860001,33.860001
2025-08-20,33.830002,33.830002
2025-08-21,33.799999,33.799999
2025-08-22,34.84,34.84
2025-08-25,34.919998,34.919998
2025-08-26,34.950001,34.950001
2025-08-27,34.919998,34.919998
2025-08-28,34.93,34.93
2025-08-29,34.849998,34.849998
2025-09-02,35.869999,35.869999
2025-09-03,35.889999,35.889999
2025-09-04,35.860001,35.860001
2025-09-05,35.889999,35.889999
2025-09-08,35.98,35.98
2025-09-09,36.009998,36.009998
2025-09-10,35.93,35.93
2025-09-11,36.82,36.82
2025-09-12,36.869999,36.869999
2025-09-15,36.93,36.93
2025-09-16,39.779999,39.779999
2025-09-17,39.740002,39.740002
2025-09-18,40.029999,40.029999
2025-09-19,40.549999,40.549999
2025-09-22,40.490002,40.490002
2025-09-23,40.43,40.43
2025-09-24,40.93,40.93
2025-09-25,40.59,40.59
2025-09-26,40.560001,40.560001
2025-09-29,40.779999,40.779999
2025-09-30,41.900002,41.900002
2025-10-01,41.970001,41.970001
2025-10-02,42.470001,42.470001
2025-10-03,42.52,42.52
2025-10-06,42.860001,42.860001
2025-10-07,42.66,42.66
2025-10-08,43.09,43.09
2025-10-09,43.240002,43.240002
2025-10-10,42.700001,42.700001
2025-10-13,42.75,42.75
2025-10-14,42.720001,42.720001
2025-10-15,43.060001,43.060001
2025-10-16,42.700001,42.700001
2025-10-17,42.48,42.48
2025-10-20,43.130001,43.130001
2025-10-21,42.860001,42.860001
2025-10-22,42.41,42.41
2025-10-23,42.619999,42.619999
2025-10-24,42.790001,42.790001
2025-10-27,42.68,42.68
2025-10-28,42.540001,42.540001
2025-10-29,42.41,42.41
2025-10-30,42.099998,42.099998
2025-10-31,42.43,42.43
2025-11-03,42.150002,42.150002
2025-11-04,41.689999,41.689999
2025-11-05,41.939999,41.939999
2025-11-06,41.580002,41.580002
2025-11-07,41.560001,41.560001
2025-11-10,41.299999,41.299999
2025-11-11,41.23,41.23
2025-11-12,41.09,41.09
2025-11-13,40.419998,40.419998
2025-11-14,40.349998,40.349998
2025-11-17,40.240002,40.240002
2025-11-18,40.169998,40.169998
2025-11-19,39.93,39.93
2025-11-20,39.720001,39.720001
2025-11-21,40.029999,40.029999
2025-11-24,40.540001,40.540001
2025-11-25,40.59,40.59
2025-11-26,40.599998,40.599998
2025-11-28,40.700001,40.700001
2025-12-01,40.380001,40.380001
2025-12-02,40.330002,40.330002
2025-12-03,40.68,40.68
2025-12-04,40.919998,40.919998
2025-12-05,40.759998,40.759998
2025-12-08,40.900002,40.900002
2025-12-09,41.02,41.02
2025-12-10,41.16,41.16
2025-12-11,41.049999,41.049999
2025-12-12,40.880001,40.880001
2025-12-15,41.049999,41.049999
2025-12-16,45.720001,45.720001
2025-12-17,45.610001,45.610001
2025-12-18,45.630001,45.630001
2025-12-19,45.799999,45.799999
2025-12-22,46.02,46.02
2025-12-23,45.880001,45.880001
2025-12-24,45.939999,45.939999
2025-12-26,45.869999,45.869999
2025-12-29,45.869999,45.869999
2025-12-30,45.98,45.98
2025-12-31,46.16,46.16
2026-01-02,46.299999,46.299999
2026-01-05,46.310001,46.310001
2026-01-06,46.330002,46.330002
2026-01-07,46.32,46.32
2026-01-08,46.25,46.25
2026-01-09,46.110001,46.110001
2026-01-12,46.419998,46.419998
2026-01-13,46.400002,46.400002
2026-01-14,46.509998,46.509998
2026-01-15,46.349998,46.349998
2026-01-16,46.34,46.34
2026-01-20,46.310001,46.310001
2026-01-21,46.919998,46.919998
2026-01-22,47.209999,47.209999
2026-01-23,47.009998,47.009998
2026-01-26,46.98,46.98
2026-01-27,47.139999,47.139999
2026-01-28,47.16,47.16
2026-01-29,47.23,47.23
2026-01-30,47.040001,47.040001
2026-02-02,47.169998,47.169998
2026-02-03,48.32,48.32
2026-02-04,47.889999,47.889999
2026-02-05,47.25,47.25
2026-02-06,47.709999,47.709999
2026-02-09,47.880001,47.880001
2026-02-10,47.849998,47.849998
2026-02-11,47.630001,47.630001
2026-02-12,47.43,47.43
2026-02-13,48.630001,48.630001
2026-02-17,49.470001,49.470001
2026-02-18,49.610001,49.610001
2026-02-19,49.57,49.57
2026-02-20,49.48,49.48
2026-02-23,49.459999,49.459999
2026-02-24,49.669998,49.669998
2026-02-25,49.77,49.77
2026-02-26,49.98,49.98
2026-02-27,49.880001,49.880001
2026-03-02,49.98,49.98
2026-03-03,49.57,49.57
2026-03-04,49.740002,49.740002
2026-03-05,49.529999,49.529999
2026-03-06,49.41,49.41
2026-03-09,49.529999,49.529999
2026-03-10,49.400002,49.400002
2026-03-11,49.380001,49.380001
2026-03-12,49.080002,49.080002
2026-03-13,48.990002,48.990002
2026-03-16,49.549999,49.549999
2026-03-17,49.73,49.73
2026-03-18,49.419998,49.419998
2026-03-19,49.380001,49.380001
2026-03-20,49.200001,49.200001
2026-03-23,49.299999,49.299999
2026-03-24,49.189999,49.189999
2026-03-25,49.27,49.27
2026-03-26,49.389999,49.389999
2026-03-27,49.09,49.09
2026-03-30,48.950001,48.950001
2026-03-31,48.599998,48.599998
2026-04-01,48.689999,48.689999
2026-04-02,48.700001,48.700001
2026-04-06,48.669998,48.669998
2026-04-07,48.650002,48.650002
2026-04-08,48.799999,48.799999
2026-04-09,48.759998,48.759998
2026-04-10,49.279999,49.279999
2026-04-13,49.549999,49.549999
2026-04-14,49.790001,49.790001
2026-04-15,50.029999,50.029999
2026-04-16,50.029999,50.029999
2026-04-17,50.209999,50.209999
2026-04-20,50.240002,50.240002
2026-04-21,50.080002,50.080002
2026-04-22,50.259998,50.259998
2026-04-23,50.049999,50.049999
2026-04-24,50.029999,50.029999
2026-04-27,50.5,50.5
2026-04-28,50.389999,50.389999
2026-04-29,49.98,49.98
2026-04-30,50.380001,50.380001
2026-05-01,50.349998,50.349998
2026-05-04,50.450001,50.450001
2026-05-05,50.18,50.18
2026-05-06,50.57,50.57
2026-05-07,50.380001,50.380001
2026-05-08,50.389999,50.389999
2026-05-11,50.459999,50.459999
2026-05-12,50.290001,50.290001
2026-05-13,50.299999,50.299999
2026-05-14,50.18,50.18
2026-05-15,49.830002,49.830002
2026-05-18,49.549999,49.549999
2026-05-19,49.419998,49.419998
2026-05-20,49.5,49.5
2026-05-21,49.759998,49.759998
2026-05-22,49.720001,49.720001
2026-05-26,49.779999,49.779999
2026-05-27,49.849998,49.849998
2026-05-28,51.869999,51.869999
2026-05-29,52.02,52.02
2026-06-01,51.880001,51.880001
2026-06-02,51.650002,51.650002
2026-06-03,52.900002,52.900002
2026-06-04,53.650002,53.650002
2026-06-05,52.759998,52.759998
2026-06-08,52.830002,52.830002
2026-06-09,52.849998,52.849998
2026-06-10,52.560001,52.560001
2026-06-11,52.799999,52.799999
2026-06-12,53.869999,53.869999
2026-06-15,55.799999,55.799999
2026-06-16,56.119999,56.119999
2026-06-17,55.860001,55.860001
2026-06-18,55.860001,55.860001
2026-06-22,54.650002,54.650002
2026-06-23,54.380001,54.380001
2026-06-24,54.779999,54.779999
2026-06-25,54.91,54.91
2026-06-26,56.529999,56.529999
2026-06-29,57.240002,57.240002
2026-06-30,58.490002,58.490002
2026-07-01,57.759998,57.759998
2026-07-02,57.759998,57.759998
2026-07-06,58.18,58.18
2026-07-07,57.25,57.25
2026-07-08,57.099998,57.099998
2026-07-09,57.419998,57.419998
2026-07-10,56.740002,56.740002
2026-07-13,56.009998,56.009998
2026-07-14,56.029999,56.029999
2026-07-15,56.02,56.02
2026-07-16,55.09,55.09
2026-07-17,54.919998,54.919998
2026-07-20,54.720001,54.720001
2026-07-21,55.48,55.48
2026-07-22,54.990002,54.990002
2026-07-23,54.900002,54.900002
2026-07-24,54.279999,54.279999
2026-07-27,54.209999,54.209999
2026-07-28,54.360001,54.360001
2026-07-29,54.560001,54.560001
2026-07-30,54.990002,54.990002
2026-07-31,54.990002,54.990002
2026-08-03,55.400002,55.400002
2026-08-04,56.23,56.23
2026-08-05,55.5,55.5
2026-08-06,55.68,55.68
2026-08-07,56.98,56.98
2026-08-10,57.27,57.27
2026-08-12,57.889999,57.889999
2026-08-13,57.68,57.68
