date,close,adj_close
2018-07-18,23.04,14.532557
2018-07-19,23.05,14.538865
2018-07-20,23.08,14.557789
2018-07-23,22.97,14.538802
2018-07-24,23.0,14.557798
2018-07-25,23.02,14.570455
2018-07-26,23.04,14.583105
2018-07-27,23.0,14.557798
2018-07-30,23.01,14.564116
2018-07-31,23.02,14.570455
2018-08-01,23.03,14.576783
2018-08-02,23.02,14.570455
2018-08-03,23.02,14.570455
2018-08-06,23.03,14.576783
2018-08-07,23.03,14.576783
2018-08-08,23.05,14.589435
2018-08-09,23.05,14.589435
2018-08-10,23.06,14.595766
2018-08-13,23.06,14.595766
2018-08-14,23.08,14.608423
2018-08-15,23.06,14.595766
2018-08-16,23.08,14.608423
2018-08-17,23.09,14.614759
2018-08-20,23.03,14.62746
2018-08-21,23.02,14.621111
2018-08-22,23.03,14.62746
2018-08-23,23.02,14.621111
2018-08-24,23.03,14.62746
2018-08-27,23.05,14.640162
2018-08-28,23.04,14.633809
2018-08-29,23.06,14.646507
2018-08-30,23.05,14.640162
2018-08-31,23.06,14.646507
2018-09-04,23.07,14.652865
2018-09-05,23.07,14.652865
2018-09-06,23.09,14.665569
2018-09-07,23.07,14.652865
2018-09-10,23.09,14.665569
2018-09-11,23.11,14.678266
2018-09-12,23.11,14.678266
2018-09-13,23.12,14.684632
2018-09-14,23.14,14.697323
2018-09-17,23.15,14.703674
2018-09-18,23.14,14.697323
2018-09-19,23.14,14.697323
2018-09-20,23.19,14.729083
2018-09-21,23.19,14.729083
2018-09-24,23.11,14.728456
2018-09-25,23.13,14.74119
2018-09-26,23.16,14.760314
2018-09-27,23.18,14.773051
2018-09-28,23.17,14.766675
2018-10-01,23.19,14.779428
2018-10-02,23.21,14.792174
2018-10-03,23.19,14.779428
2018-10-04,23.19,14.779428
2018-10-05,23.19,14.779428
2018-10-08,23.18,14.773051
2018-10-09,23.16,14.760314
2018-10-10,23.13,14.74119
2018-10-11,23.08,14.709327
2018-10-12,23.11,14.728456
2018-10-15,23.14,14.747563
2018-10-16,23.18,14.773051
2018-10-17,23.17,14.766675
2018-10-18,23.14,14.747563
2018-10-19,23.14,14.747563
2018-10-22,23.09,14.766748
2018-10-23,23.07,14.753964
2018-10-24,23.01,14.715591
2018-10-25,23.04,14.734778
2018-10-26,22.99,14.702794
2018-10-29,23.01,14.715591
2018-10-30,23.04,14.734778
2018-10-31,23.01,14.715591
2018-11-01,23.03,14.728379
2018-11-02,23.04,14.734778
2018-11-05,23.09,14.766748
2018-11-06,23.08,14.760358
2018-11-07,23.12,14.785935
2018-11-08,23.06,14.74756
2018-11-09,23.06,14.74756
2018-11-12,23.02,14.721977
2018-11-13,22.99,14.702794
2018-11-14,22.98,14.696396
2018-11-15,22.95,14.677221
2018-11-16,22.9,14.645235
2018-11-19,22.76,14.609937
2018-11-20,22.71,14.577838
2018-11-21,22.65,14.539324
2018-11-23,22.64,14.532902
2018-11-26,22.7,14.571423
2018-11-27,22.66,14.545737
2018-11-28,22.68,14.558587
2018-11-29,22.64,14.532902
2018-11-30,22.66,14.545737
2018-12-03,22.74,14.597096
2018-12-04,22.7,14.571423
2018-12-06,22.65,14.539324
2018-12-07,22.47,14.423784
2018-12-10,22.44,14.404524
2018-12-11,22.37,14.359585
2018-12-12,22.34,14.340335
2018-12-13,22.42,14.391686
2018-12-14,22.37,14.359585
2018-12-17,22.24,14.276143
2018-12-18,22.2,14.250463
2018-12-19,22.07,14.167019
2018-12-20,21.94,14.083566
2018-12-21,21.91,14.06431
2018-12-24,21.59,13.949303
2018-12-26,21.94,14.17544
2018-12-27,21.81,14.091444
2018-12-28,21.81,14.091444
2018-12-31,21.78,14.072062
2019-01-02,21.84,14.110828
2019-01-03,21.97,14.194819
2019-01-04,22.34,14.433881
2019-01-07,22.58,14.588944
2019-01-08,22.66,14.640625
2019-01-09,22.57,14.582476
2019-01-10,22.58,14.588944
2019-01-11,22.51,14.543717
2019-01-14,22.42,14.485569
2019-01-15,22.41,14.479104
2019-01-16,22.47,14.517876
2019-01-17,22.53,14.556638
2019-01-18,22.55,14.569556
2019-01-22,22.42,14.544909
2019-01-23,22.44,14.557879
2019-01-24,22.43,14.551392
2019-01-25,22.43,14.551392
2019-01-28,22.43,14.551392
2019-01-29,22.43,14.551392
2019-01-30,22.46,14.570851
2019-01-31,22.44,14.557879
2019-02-01,22.46,14.570851
2019-02-04,22.48,14.583832
2019-02-05,22.56,14.635731
2019-02-06,22.63,14.681148
2019-02-07,22.58,14.64871
2019-02-08,22.57,14.642214
2019-02-11,22.53,14.616273
2019-02-12,22.59,14.655198
2019-02-13,22.6,14.661686
2019-02-14,22.62,14.674656
2019-02-15,22.68,14.713586
2019-02-19,22.64,14.749413
2019-02-20,22.65,14.755923
2019-02-21,22.67,14.768956
2019-02-22,22.76,14.827595
2019-02-25,22.78,14.840613
2019-02-26,22.82,14.866684
2019-02-27,22.84,14.879703
2019-02-28,22.8,14.85365
2019-03-01,22.81,14.86016
2019-03-04,22.84,14.879703
2019-03-05,22.83,14.87319
2019-03-06,22.78,14.840613
2019-03-07,22.75,14.821072
2019-03-08,22.72,14.801528
2019-03-11,22.72,14.801528
2019-03-12,22.74,14.814559
2019-03-13,22.81,14.86016
2019-03-14,22.78,14.840613
2019-03-15,22.79,14.84713
2019-03-18,22.67,14.824245
2019-03-19,22.68,14.830791
2019-03-20,22.72,14.85694
2019-03-21,22.65,14.811165
2019-03-22,22.45,14.68038
2019-03-25,22.54,14.739243
2019-03-26,22.55,14.745774
2019-03-27,22.54,14.739243
2019-03-28,22.53,14.732699
2019-03-29,22.64,14.80463
2019-04-01,22.64,14.80463
2019-04-02,22.69,14.837321
2019-04-03,22.7,14.843868
2019-04-04,22.77,14.889637
2019-04-05,22.82,14.92234
2019-04-08,22.84,14.935408
2019-04-09,22.85,14.941944
2019-04-10,22.88,14.96157
2019-04-11,22.93,14.994263
2019-04-12,22.91,14.98118
2019-04-15,22.92,14.987728
2019-04-16,22.92,14.987728
2019-04-17,22.92,14.987728
2019-04-18,22.96,15.013881
2019-04-22,22.9,15.034225
2019-04-23,22.96,15.073624
2019-04-24,22.89,15.027665
2019-04-25,22.9,15.034225
2019-04-26,22.92,15.047367
2019-04-29,22.93,15.053932
2019-04-30,22.97,15.080191
2019-05-01,22.96,15.073624
2019-05-02,22.96,15.073624
2019-05-03,23.01,15.106454
2019-05-06,22.98,15.086747
2019-05-07,22.92,15.047367
2019-05-08,22.91,15.040793
2019-05-09,22.83,14.988278
2019-05-10,22.89,15.027665
2019-05-13,22.81,14.975144
2019-05-14,22.82,14.981717
2019-05-15,22.85,15.001404
2019-05-16,22.93,15.053932
2019-05-17,22.91,15.040793
2019-05-20,22.78,15.017727
2019-05-21,22.82,15.044091
2019-05-22,22.8,15.030908
2019-05-23,22.73,14.98475
2019-05-24,22.72,14.978168
2019-05-28,22.72,14.978168
2019-05-29,22.67,14.945203
2019-05-30,22.69,14.958388
2019-05-31,22.64,14.925428
2019-06-03,22.6,14.899056
2019-06-04,22.68,14.9518
2019-06-05,22.68,14.9518
2019-06-06,22.68,14.9518
2019-06-07,22.69,14.958388
2019-06-10,22.67,14.945203
2019-06-11,22.75,14.997948
2019-06-12,22.73,14.98475
2019-06-13,22.77,15.011133
2019-06-14,22.74,14.991356
2019-06-17,22.73,14.98475
2019-06-18,22.72,14.978168
2019-06-19,22.76,15.004539
2019-06-20,22.75,14.997948
2019-06-21,22.76,15.004539
2019-06-24,22.67,15.010493
2019-06-25,22.63,14.984017
2019-06-26,22.64,14.990634
2019-06-27,22.65,14.997258
2019-06-28,22.66,15.003881
2019-07-01,22.71,15.036983
2019-07-02,22.73,15.050215
2019-07-03,22.72,15.043604
2019-07-05,22.71,15.036983
2019-07-08,22.73,15.050215
2019-07-09,22.72,15.043604
2019-07-10,22.75,15.06347
2019-07-11,22.75,15.06347
2019-07-12,22.75,15.06347
2019-07-15,22.8,15.096573
2019-07-16,22.8,15.096573
2019-07-17,22.82,15.109816
2019-07-18,22.82,15.109816
2019-07-19,22.82,15.109816
2019-07-22,22.72,15.108487
2019-07-23,22.73,15.115129
2019-07-24,22.73,15.115129
2019-07-25,22.73,15.115129
2019-07-26,22.77,15.141736
2019-07-29,22.82,15.174984
2019-07-30,22.8,15.161686
2019-07-31,22.82,15.174984
2019-08-01,22.8,15.161686
2019-08-02,22.72,15.108487
2019-08-05,22.72,15.108487
2019-08-06,22.71,15.101833
2019-08-07,22.65,15.061941
2019-08-08,22.66,15.068595
2019-08-09,22.65,15.061941
2019-08-12,22.6,15.028687
2019-08-13,22.63,15.048639
2019-08-14,22.55,14.99544
2019-08-15,22.54,14.988796
2019-08-16,22.58,15.015386
2019-08-19,22.55,15.060133
2019-08-20,22.57,15.073492
2019-08-21,22.59,15.086846
2019-08-22,22.6,15.093527
2019-08-23,22.56,15.066812
2019-08-26,22.58,15.080176
2019-08-27,22.59,15.086846
2019-08-28,22.59,15.086846
2019-08-29,22.6,15.093527
2019-08-30,22.61,15.100204
2019-09-03,22.58,15.080176
2019-09-04,22.63,15.113567
2019-09-05,22.64,15.120242
2019-09-06,22.66,15.133597
2019-09-09,22.7,15.160321
2019-09-10,22.7,15.160321
2019-09-11,22.73,15.180347
2019-09-12,22.74,15.187027
2019-09-13,22.79,15.220429
2019-09-16,22.8,15.227096
2019-09-17,22.81,15.233774
2019-09-18,22.76,15.200377
2019-09-19,22.74,15.187027
2019-09-20,22.73,15.180347
2019-09-23,22.66,15.195772
2019-09-24,22.65,15.189072
2019-09-25,22.64,15.18236
2019-09-26,22.62,15.168955
2019-09-27,22.57,15.135422
2019-09-30,22.59,15.148832
2019-10-01,22.58,15.142121
2019-10-02,22.51,15.095181
2019-10-03,22.56,15.128708
2019-10-04,22.52,15.10189
2019-10-07,22.49,15.08177
2019-10-08,22.43,15.041533
2019-10-09,22.4,15.02142
2019-10-10,22.36,14.994587
2019-10-11,22.39,15.014708
2019-10-14,22.42,15.034835
2019-10-15,22.45,15.054946
2019-10-16,22.43,15.041533
2019-10-17,22.45,15.054946
2019-10-18,22.5,15.08847
2019-10-21,22.48,15.135605
2019-10-22,22.48,15.135605
2019-10-23,22.5,15.149071
2019-10-24,22.49,15.142339
2019-10-25,22.52,15.162539
2019-10-28,22.47,15.128878
2019-10-29,22.43,15.10194
2019-10-30,22.42,15.095212
2019-10-31,22.41,15.08847
2019-11-01,22.46,15.122141
2019-11-04,22.5,15.149071
2019-11-05,22.52,15.162539
2019-11-06,22.49,15.142339
2019-11-07,22.53,15.169278
2019-11-08,22.56,15.189463
2019-11-11,22.57,15.196205
2019-11-12,22.57,15.196205
2019-11-13,22.59,15.209661
2019-11-14,22.58,15.202942
2019-11-15,22.6,15.216395
2019-11-18,22.47,15.187341
2019-11-19,22.43,15.160301
2019-11-20,22.42,15.153547
2019-11-21,22.41,15.146779
2019-11-22,22.43,15.160301
2019-11-25,22.47,15.187341
2019-11-26,22.45,15.173824
2019-11-27,22.48,15.194098
2019-11-29,22.46,15.180578
2019-12-02,22.46,15.180578
2019-12-03,22.48,15.194098
2019-12-04,22.57,15.254928
2019-12-05,22.64,15.302239
2019-12-06,22.69,15.336038
2019-12-09,22.71,15.349551
2019-12-10,22.71,15.349551
2019-12-11,22.73,15.363072
2019-12-12,22.76,15.383342
2019-12-13,22.75,15.37659
2019-12-16,22.77,15.39011
2019-12-17,22.76,15.383342
2019-12-18,22.81,15.417136
2019-12-19,22.86,15.450933
2019-12-20,22.87,15.457696
2019-12-23,22.8,15.469224
2019-12-24,22.78,15.45566
2019-12-26,22.79,15.462451
2019-12-27,22.79,15.462451
2019-12-30,22.71,15.408166
2019-12-31,22.82,15.482797
2020-01-02,22.87,15.516726
2020-01-03,22.87,15.516726
2020-01-06,22.88,15.523504
2020-01-07,22.87,15.516726
2020-01-08,22.91,15.543867
2020-01-09,22.9,15.53708
2020-01-10,22.87,15.516726
2020-01-13,22.86,15.50994
2020-01-14,22.84,15.496371
2020-01-15,22.88,15.523504
2020-01-16,22.88,15.523504
2020-01-17,22.86,15.50994
2020-01-21,22.76,15.499043
2020-01-22,22.73,15.478612
2020-01-23,22.75,15.49223
2020-01-24,22.72,15.471801
2020-01-27,22.62,15.403706
2020-01-28,22.68,15.444571
2020-01-29,22.68,15.444571
2020-01-30,22.66,15.430943
2020-01-31,22.61,15.396894
2020-02-03,22.61,15.396894
2020-02-04,22.62,15.403706
2020-02-05,22.62,15.403706
2020-02-06,22.6,15.390094
2020-02-07,22.59,15.383277
2020-02-10,22.62,15.403706
2020-02-11,22.62,15.403706
2020-02-12,22.65,15.424142
2020-02-13,22.64,15.41732
2020-02-14,22.65,15.424142
2020-02-18,22.67,15.43776
2020-02-19,22.7,15.458186
2020-02-20,22.68,15.444571
2020-02-21,22.67,15.43776
2020-02-24,22.48,15.36258
2020-02-25,22.43,15.328418
2020-02-26,22.38,15.294244
2020-02-27,22.06,15.075554
2020-02-28,21.99,15.02772
2020-03-02,22.11,15.109736
2020-03-03,22.11,15.109736
2020-03-04,22.3,15.239575
2020-03-05,22.1,15.102899
2020-03-06,21.99,15.02772
2020-03-09,21.31,14.563013
2020-03-10,21.58,14.747533
2020-03-11,20.75,14.180322
2020-03-12,20.4,13.941138
2020-03-13,20.62,14.091479
2020-03-16,19.38,13.244078
2020-03-17,19.65,13.428594
2020-03-18,18.79,12.840875
2020-03-19,17.84,12.191661
2020-03-20,17.83,12.184829
2020-03-23,17.17,11.786674
2020-03-24,17.97,12.335843
2020-03-25,19.05,13.077237
2020-03-26,19.69,13.516575
2020-03-27,19.79,13.585224
2020-03-30,19.99,13.722521
2020-03-31,20.46,14.04516
2020-04-01,20.0,13.729385
2020-04-02,20.01,13.736246
2020-04-03,19.61,13.461656
2020-04-06,20.43,14.024561
2020-04-07,20.7,14.209904
2020-04-08,20.8,14.278559
2020-04-09,21.48,14.745353
2020-04-13,21.25,14.587468
2020-04-14,21.36,14.662979
2020-04-15,21.36,14.662979
2020-04-16,21.34,14.649242
2020-04-17,21.45,14.72476
2020-04-20,21.23,14.626924
2020-04-21,20.76,14.303106
2020-04-22,20.88,14.385788
2020-04-23,20.76,14.303106
2020-04-24,20.85,14.365109
2020-04-27,20.78,14.316892
2020-04-28,20.88,14.385788
2020-04-29,20.98,14.454682
2020-04-30,20.98,14.454682
2020-05-01,20.76,14.303106
2020-05-04,20.64,14.220431
2020-05-05,20.76,14.303106
2020-05-06,20.81,14.337555
2020-05-07,20.89,14.392675
2020-05-08,21.04,14.496022
2020-05-11,20.91,14.406454
2020-05-12,20.94,14.427123
2020-05-13,20.87,14.378896
2020-05-14,20.75,14.296221
2020-05-15,20.76,14.303106
2020-05-18,20.88,14.428176
2020-05-19,20.94,14.469641
2020-05-20,21.1,14.580199
2020-05-21,21.12,14.594011
2020-05-22,21.24,14.676939
2020-05-26,21.28,14.704583
2020-05-27,21.39,14.780583
2020-05-28,21.45,14.822057
2020-05-29,21.36,14.759866
2020-06-01,21.48,14.842773
2020-06-02,21.58,14.911882
2020-06-03,21.64,14.953341
2020-06-04,21.64,14.953341
2020-06-05,21.76,15.036266
2020-06-08,21.9,15.133002
2020-06-09,21.86,15.105363
2020-06-10,21.8,15.063909
2020-06-11,21.25,14.68385
2020-06-12,21.54,14.884244
2020-06-15,21.5,14.856603
2020-06-16,21.68,14.980973
2020-06-17,21.69,14.987893
2020-06-18,21.71,15.001711
2020-06-19,21.73,15.015535
2020-06-22,21.61,14.971196
2020-06-23,21.62,14.978124
2020-06-24,21.46,14.867275
2020-06-25,21.41,14.832636
2020-06-26,21.22,14.701008
2020-06-29,21.16,14.659436
2020-06-30,21.35,14.791072
2020-07-01,21.41,14.832636
2020-07-02,21.52,14.908847
2020-07-06,21.59,14.957344
2020-07-07,21.42,14.839563
2020-07-08,21.34,14.784138
2020-07-09,21.37,14.804917
2020-07-10,21.35,14.791072
2020-07-13,21.44,14.853422
2020-07-14,21.51,14.901917
2020-07-15,21.6,14.964266
2020-07-16,21.53,14.915775
2020-07-17,21.63,14.985053
2020-07-20,21.66,15.044791
2020-07-21,21.69,15.065623
2020-07-22,21.74,15.100348
2020-07-23,21.66,15.044791
2020-07-24,21.64,15.030891
2020-07-27,21.69,15.065623
2020-07-28,21.62,15.016995
2020-07-29,21.75,15.107297
2020-07-30,21.66,15.044791
2020-07-31,21.64,15.030891
2020-08-03,21.58,14.989208
2020-08-04,21.54,14.961436
2020-08-05,21.6,15.003109
2020-08-06,21.65,15.037841
2020-08-07,21.66,15.044791
2020-08-10,21.73,15.093405
2020-08-11,21.79,15.13508
2020-08-12,21.85,15.176758
2020-08-13,21.81,15.148974
2020-08-14,21.82,15.155914
2020-08-17,21.85,15.176758
2020-08-18,21.79,15.13508
2020-08-19,21.76,15.114239
2020-08-20,21.81,15.148974
2020-08-21,21.77,15.121195
2020-08-24,21.78,15.165054
2020-08-25,21.74,15.137203
2020-08-26,21.82,15.192901
2020-08-27,21.82,15.192901
2020-08-28,21.88,15.234688
2020-08-31,21.87,15.227723
2020-09-01,21.96,15.290378
2020-09-02,21.96,15.290378
2020-09-03,21.8,15.178988
2020-09-04,21.82,15.192901
2020-09-08,21.81,15.185944
2020-09-09,21.95,15.283424
2020-09-10,21.91,15.255573
2020-09-11,21.97,15.297349
2020-09-14,22.08,15.37394
2020-09-15,22.09,15.380899
2020-09-16,22.06,15.360017
2020-09-17,22.04,15.346093
2020-09-18,22.0,15.318231
2020-09-21,21.83,15.239352
2020-09-22,21.86,15.260292
2020-09-23,21.72,15.16256
2020-09-24,21.71,15.155576
2020-09-25,21.65,15.113696
2020-09-28,21.73,15.169545
2020-09-29,21.72,15.16256
2020-09-30,21.74,15.176529
2020-10-01,21.73,15.169545
2020-10-02,21.74,15.176529
2020-10-05,21.83,15.239352
2020-10-06,21.79,15.211439
2020-10-07,21.84,15.246335
2020-10-08,21.84,15.246335
2020-10-09,21.84,15.246335
2020-10-12,21.9,15.288213
2020-10-13,21.8,15.218419
2020-10-14,21.83,15.239352
2020-10-15,21.79,15.211439
2020-10-16,21.76,15.190483
2020-10-19,21.74,15.21849
2020-10-20,21.77,15.239492
2020-10-21,21.72,15.204483
2020-10-22,21.71,15.197481
2020-10-23,21.71,15.197481
2020-10-26,21.63,15.141486
2020-10-27,21.62,15.13448
2020-10-28,21.54,15.078483
2020-10-29,21.55,15.085482
2020-10-30,21.5,15.050484
2020-11-02,21.56,15.092482
2020-11-03,21.63,15.141486
2020-11-04,21.66,15.162486
2020-11-05,21.76,15.232486
2020-11-06,21.78,15.246485
2020-11-09,22.02,15.414497
2020-11-10,22.0,15.400488
2020-11-11,22.03,15.421494
2020-11-12,21.96,15.372488
2020-11-13,21.96,15.372488
2020-11-16,22.03,15.421494
2020-11-17,21.94,15.358492
2020-11-18,21.94,15.358492
2020-11-19,21.96,15.372488
2020-11-20,21.97,15.379498
2020-11-23,21.96,15.416698
2020-11-24,21.99,15.43776
2020-11-25,22.03,15.465841
2020-11-27,22.07,15.493925
2020-11-30,22.01,15.4518
2020-12-01,22.07,15.493925
2020-12-02,22.14,15.543061
2020-12-03,22.1,15.514981
2020-12-04,22.18,15.571151
2020-12-07,22.18,15.571151
2020-12-08,22.2,15.58519
2020-12-09,22.2,15.58519
2020-12-10,22.25,15.620294
2020-12-11,22.23,15.606253
2020-12-14,22.21,15.592209
2020-12-15,22.24,15.613272
2020-12-16,22.2,15.58519
2020-12-17,22.2,15.58519
2020-12-18,22.25,15.620294
2020-12-21,22.14,15.588606
2020-12-22,22.11,15.56748
2020-12-23,22.19,15.623812
2020-12-24,22.23,15.651971
2020-12-28,22.28,15.687181
2020-12-29,22.24,15.659007
2020-12-30,22.25,15.666056
2020-12-31,22.28,15.687181
2021-01-04,22.24,15.659007
2021-01-05,22.31,15.708304
2021-01-06,22.34,15.729424
2021-01-07,22.38,15.757583
2021-01-08,22.45,15.806878
2021-01-11,22.36,15.743512
2021-01-12,22.44,15.79983
2021-01-13,22.46,15.813918
2021-01-14,22.45,15.806878
2021-01-15,22.42,15.785753
2021-01-19,22.44,15.845778
2021-01-20,22.42,15.831654
2021-01-21,22.38,15.803407
2021-01-22,22.36,15.789289
2021-01-25,22.36,15.789289
2021-01-26,22.36,15.789289
2021-01-27,22.25,15.711605
2021-01-28,22.28,15.732793
2021-01-29,22.22,15.690425
2021-02-01,22.28,15.732793
2021-02-02,22.3,15.74692
2021-02-03,22.3,15.74692
2021-02-04,22.38,15.803407
2021-02-05,22.41,15.824586
2021-02-08,22.4,15.817525
2021-02-09,22.34,15.775166
2021-02-10,22.35,15.782223
2021-02-11,22.38,15.803407
2021-02-12,22.4,15.817525
2021-02-16,22.38,15.803407
2021-02-17,22.4,15.817525
2021-02-18,22.35,15.782223
2021-02-19,22.37,15.796346
2021-02-22,22.27,15.770145
2021-02-23,22.25,15.755981
2021-02-24,22.28,15.777222
2021-02-25,22.21,15.727658
2021-02-26,22.2,15.72057
2021-03-01,22.24,15.748896
2021-03-02,22.22,15.734733
2021-03-03,22.2,15.72057
2021-03-04,22.17,15.699332
2021-03-05,22.23,15.741818
2021-03-08,22.18,15.706409
2021-03-09,22.19,15.71349
2021-03-10,22.23,15.741818
2021-03-11,22.24,15.748896
2021-03-12,22.23,15.741818
2021-03-15,22.25,15.755981
2021-03-16,22.23,15.741818
2021-03-17,22.2,15.72057
2021-03-18,22.16,15.692247
2021-03-19,22.19,15.71349
2021-03-22,22.14,15.721304
2021-03-23,22.12,15.707103
2021-03-24,22.12,15.707103
2021-03-25,22.14,15.721304
2021-03-26,22.15,15.728399
2021-03-29,22.12,15.707103
2021-03-30,22.11,15.699996
2021-03-31,22.13,15.714197
2021-04-01,22.16,15.735503
2021-04-05,22.18,15.749704
2021-04-06,22.2,15.763904
2021-04-07,22.22,15.778106
2021-04-08,22.21,15.771011
2021-04-09,22.25,15.799414
2021-04-12,22.21,15.771011
2021-04-13,22.22,15.778106
2021-04-14,22.18,15.749704
2021-04-15,22.2,15.763904
2021-04-16,22.19,15.756804
2021-04-19,22.13,15.755382
2021-04-20,22.11,15.741141
2021-04-21,22.12,15.748267
2021-04-22,22.11,15.741141
2021-04-23,22.16,15.77674
2021-04-26,22.13,15.755382
2021-04-27,22.12,15.748267
2021-04-28,22.14,15.762506
2021-04-29,22.14,15.762506
2021-04-30,22.15,15.76962
2021-05-03,22.15,15.76962
2021-05-04,22.14,15.762506
2021-05-05,22.14,15.762506
2021-05-06,22.15,15.76962
2021-05-07,22.15,15.76962
2021-05-10,22.16,15.77674
2021-05-11,22.15,15.76962
2021-05-12,22.13,15.755382
2021-05-13,22.15,15.76962
2021-05-14,22.18,15.79098
2021-05-17,22.18,15.79098
2021-05-18,22.2,15.805218
2021-05-19,22.18,15.79098
2021-05-20,22.22,15.819451
2021-05-21,22.21,15.812342
2021-05-24,22.14,15.800916
2021-05-25,22.15,15.808056
2021-05-26,22.17,15.822325
2021-05-27,22.17,15.822325
2021-05-28,22.2,15.843738
2021-06-01,22.22,15.858009
2021-06-02,22.25,15.879426
2021-06-03,22.25,15.879426
2021-06-04,22.25,15.879426
2021-06-07,22.25,15.879426
2021-06-08,22.26,15.886566
2021-06-09,22.26,15.886566
2021-06-10,22.26,15.886566
2021-06-11,22.26,15.886566
2021-06-14,22.26,15.886566
2021-06-15,22.24,15.872288
2021-06-16,22.26,15.886566
2021-06-17,22.21,15.850873
2021-06-18,22.2,15.843738
2021-06-21,22.17,15.860909
2021-06-22,22.13,15.832294
2021-06-23,22.12,15.825141
2021-06-24,22.16,15.853761
2021-06-25,22.15,15.846598
2021-06-28,22.15,15.846598
2021-06-29,22.17,15.860909
2021-06-30,22.15,15.846598
2021-07-01,22.18,15.868066
2021-07-02,22.17,15.860909
2021-07-06,22.14,15.839448
2021-07-07,22.12,15.825141
2021-07-08,22.1,15.810831
2021-07-09,22.13,15.832294
2021-07-12,22.14,15.839448
2021-07-13,22.16,15.853761
2021-07-14,22.15,15.846598
2021-07-15,22.11,15.81799
2021-07-16,22.13,15.832294
2021-07-19,22.01,15.784244
2021-07-20,22.03,15.798592
2021-07-21,22.06,15.820104
2021-07-22,22.08,15.834449
2021-07-23,22.11,15.855961
2021-07-26,22.09,15.841614
2021-07-27,22.04,15.805758
2021-07-28,22.03,15.798592
2021-07-29,22.05,15.812929
2021-07-30,22.03,15.798592
2021-08-02,22.0,15.777072
2021-08-03,22.01,15.784244
2021-08-04,22.01,15.784244
2021-08-05,22.01,15.784244
2021-08-06,22.0,15.777072
2021-08-09,22.02,15.791418
2021-08-10,22.03,15.798592
2021-08-11,22.04,15.805758
2021-08-12,22.04,15.805758
2021-08-13,22.04,15.805758
2021-08-16,22.07,15.827273
2021-08-17,22.05,15.812929
2021-08-18,22.04,15.805758
2021-08-19,22.05,15.812929
2021-08-20,22.06,15.820104
2021-08-23,22.05,15.85173
2021-08-24,22.1,15.887671
2021-08-25,22.11,15.894869
2021-08-26,22.08,15.873302
2021-08-27,22.11,15.894869
2021-08-30,22.13,15.909249
2021-08-31,22.14,15.91643
2021-09-01,22.18,15.945188
2021-09-02,22.21,15.966749
2021-09-03,22.21,15.966749
2021-09-07,22.2,15.959565
2021-09-08,22.22,15.973947
2021-09-09,22.2,15.959565
2021-09-10,22.19,15.952377
2021-09-13,22.18,15.945188
2021-09-14,22.18,15.945188
2021-09-15,22.22,15.973947
2021-09-16,22.21,15.966749
2021-09-17,22.19,15.952377
2021-09-20,22.1,15.927155
2021-09-21,22.12,15.941572
2021-09-22,22.15,15.963185
2021-09-23,22.16,15.970398
2021-09-24,22.15,15.963185
2021-09-27,22.13,15.948773
2021-09-28,22.12,15.941572
2021-09-29,22.17,15.977599
2021-09-30,22.11,15.934365
2021-10-01,22.16,15.970398
2021-10-04,22.12,15.941572
2021-10-05,22.13,15.948773
2021-10-06,22.13,15.948773
2021-10-07,22.17,15.977599
2021-10-08,22.18,15.984805
2021-10-11,22.15,15.963185
2021-10-12,22.15,15.963185
2021-10-13,22.17,15.977599
2021-10-14,22.17,15.977599
2021-10-15,22.16,15.970398
2021-10-18,22.08,15.953781
2021-10-19,22.11,15.975451
2021-10-20,22.13,15.989907
2021-10-21,22.12,15.982677
2021-10-22,22.13,15.989907
2021-10-25,22.1,15.968225
2021-10-26,22.07,15.946555
2021-10-27,22.06,15.939326
2021-10-28,22.1,15.968225
2021-10-29,22.08,15.953781
2021-11-01,22.1,15.968225
2021-11-02,22.11,15.975451
2021-11-03,22.13,15.989907
2021-11-04,22.13,15.989907
2021-11-05,22.16,16.011587
2021-11-08,22.15,16.004358
2021-11-09,22.17,16.018806
2021-11-10,22.12,15.982677
2021-11-11,22.17,16.018806
2021-11-12,22.12,15.982677
2021-11-15,22.15,16.004358
2021-11-16,22.14,15.997131
2021-11-17,22.11,15.975451
2021-11-18,22.11,15.975451
2021-11-19,22.08,15.953781
2021-11-22,21.99,15.929869
2021-11-23,21.99,15.929869
2021-11-24,21.95,15.900893
2021-11-26,21.85,15.828455
2021-11-29,21.86,15.835694
2021-11-30,21.8,15.792234
2021-12-01,21.84,15.82121
2021-12-02,21.9,15.864675
2021-12-03,21.89,15.857431
2021-12-06,21.93,15.886406
2021-12-07,21.99,15.929869
2021-12-08,22.01,15.944362
2021-12-09,22.0,15.937116
2021-12-10,22.06,15.98058
2021-12-13,22.06,15.98058
2021-12-14,22.02,15.951601
2021-12-15,22.05,15.973339
2021-12-16,22.02,15.951601
2021-12-17,22.04,15.966087
2021-12-20,21.99,15.970446
2021-12-21,22.04,16.006754
2021-12-22,22.05,16.014027
2021-12-23,22.05,16.014027
2021-12-27,22.08,16.035814
2021-12-28,22.05,16.014027
2021-12-29,22.07,16.028549
2021-12-30,22.05,16.014027
2021-12-31,22.1,16.050337
2022-01-03,22.09,16.043076
2022-01-04,22.11,16.0576
2022-01-05,22.06,16.021288
2022-01-06,22.08,16.035814
2022-01-07,22.11,16.0576
2022-01-10,22.13,16.072126
2022-01-11,22.16,16.093925
2022-01-12,22.17,16.101177
2022-01-13,22.12,16.064861
2022-01-14,22.2,16.122967
2022-01-18,22.13,16.072126
2022-01-19,22.13,16.072126
2022-01-20,22.11,16.0576
2022-01-21,22.1,16.050337
2022-01-24,22.06,16.062716
2022-01-25,22.01,16.02631
2022-01-26,21.96,15.9899
2022-01-27,21.94,15.975344
2022-01-28,21.95,15.982624
2022-01-31,21.98,16.004465
2022-02-01,22.01,16.02631
2022-02-02,22.04,16.048153
2022-02-03,21.99,16.011744
2022-02-04,22.04,16.048153
2022-02-07,22.04,16.048153
2022-02-08,22.0,16.019024
2022-02-09,22.05,16.055435
2022-02-10,21.96,15.9899
2022-02-11,21.94,15.975344
2022-02-14,21.85,15.909807
2022-02-15,21.86,15.917087
2022-02-16,21.89,15.938938
2022-02-17,21.82,15.887967
2022-02-18,21.81,15.880683
2022-02-22,21.75,15.879218
2022-02-23,21.75,15.879218
2022-02-24,21.69,15.835419
2022-02-25,21.77,15.893825
2022-02-28,21.77,15.893825
2022-03-01,21.75,15.879218
2022-03-02,21.75,15.879218
2022-03-03,21.72,15.857317
2022-03-04,21.72,15.857317
2022-03-07,21.53,15.718604
2022-03-08,21.51,15.704001
2022-03-09,21.58,15.755109
2022-03-10,21.45,15.660198
2022-03-11,21.31,15.557987
2022-03-14,21.31,15.557987
2022-03-15,21.33,15.57259
2022-03-16,21.52,15.7113
2022-03-17,21.62,15.78431
2022-03-18,21.69,15.835419
2022-03-21,21.64,15.841274
2022-03-22,21.67,15.863237
2022-03-23,21.61,15.819312
2022-03-24,21.63,15.833956
2022-03-25,21.6,15.811991
2022-03-28,21.68,15.870557
2022-03-29,21.81,15.965716
2022-03-30,21.78,15.943762
2022-03-31,21.77,15.93644
2022-04-01,21.84,15.987685
2022-04-04,21.94,16.060884
2022-04-05,21.92,16.046246
2022-04-06,21.8,15.958402
2022-04-07,21.86,16.002317
2022-04-08,21.86,16.002317
2022-04-11,21.68,15.870557
2022-04-12,21.78,15.943762
2022-04-13,21.85,15.995002
2022-04-14,21.77,15.93644
2022-04-18,21.7,15.928364
2022-04-19,21.77,15.979746
2022-04-20,21.76,15.97241
2022-04-21,21.74,15.957729
2022-04-22,21.66,15.898999
2022-04-25,21.69,15.921026
2022-04-26,21.58,15.840284
2022-04-27,21.59,15.847618
2022-04-28,21.64,15.884316
2022-04-29,21.56,15.825601
2022-05-02,21.47,15.759539
2022-05-03,21.5,15.781552
2022-05-04,21.56,15.825601
2022-05-05,21.46,15.752198
2022-05-06,21.35,15.671456
2022-05-09,21.16,15.531993
2022-05-10,21.17,15.539334
2022-05-11,20.9,15.341139
2022-05-12,20.83,15.289761
2022-05-13,20.98,15.39987
2022-05-16,20.93,15.363166
2022-05-17,21.08,15.473267
2022-05-18,20.9,15.341139
2022-05-19,20.83,15.289761
2022-05-20,20.84,15.297101
2022-05-23,20.81,15.31992
2022-05-24,20.77,15.290472
2022-05-25,20.81,15.31992
2022-05-26,21.03,15.481886
2022-05-27,21.13,15.555499
2022-05-31,21.07,15.511331
2022-06-01,21.15,15.570225
2022-06-02,21.23,15.629118
2022-06-03,21.22,15.621757
2022-06-06,21.24,15.636483
2022-06-07,21.28,15.66593
2022-06-08,21.2,15.607028
2022-06-09,21.16,15.57759
2022-06-10,20.9,15.386175
2022-06-13,20.3,14.944472
2022-06-14,20.64,15.19477
2022-06-15,20.69,15.231588
2022-06-16,20.57,15.143236
2022-06-17,20.65,15.202132
2022-06-21,20.67,15.265649
2022-06-22,20.51,15.147486
2022-06-23,20.48,15.125325
2022-06-24,20.55,15.177032
2022-06-27,20.53,15.162257
2022-06-28,20.49,15.132707
2022-06-29,20.45,15.103169
2022-06-30,20.27,14.970235
2022-07-01,20.43,15.088394
2022-07-05,20.32,15.007161
2022-07-06,20.35,15.029313
2022-07-07,20.45,15.103169
2022-07-08,20.55,15.177032
2022-07-11,20.42,15.081011
2022-07-12,20.45,15.103169
2022-07-13,20.54,15.169637
2022-07-14,20.52,15.154869
2022-07-15,20.66,15.258265
2022-07-18,20.64,15.29606
2022-07-19,20.87,15.466511
2022-07-20,20.84,15.444275
2022-07-21,20.98,15.548037
2022-07-22,20.91,15.496161
2022-07-25,20.97,15.540617
2022-07-26,20.84,15.444275
2022-07-27,20.89,15.481329
2022-07-28,20.95,15.52579
2022-07-29,20.97,15.540617
2022-08-01,20.98,15.548037
2022-08-02,20.99,15.555443
2022-08-03,21.09,15.629547
2022-08-04,21.2,15.711061
2022-08-05,21.25,15.748123
2022-08-08,21.29,15.777772
2022-08-09,21.28,15.770356
2022-08-10,21.41,15.866691
2022-08-11,21.46,15.903748
2022-08-12,21.43,15.881521
2022-08-15,21.44,15.888934
2022-08-16,21.39,15.851871
2022-08-17,21.26,15.755528
2022-08-18,21.28,15.770356
2022-08-19,21.14,15.666605
2022-08-22,20.97,15.598907
2022-08-23,21.0,15.621227
2022-08-24,21.06,15.665854
2022-08-25,21.09,15.688172
2022-08-26,20.99,15.613789
2022-08-29,21.02,15.636103
2022-08-30,20.99,15.613789
2022-08-31,20.97,15.598907
2022-09-01,20.85,15.509647
2022-09-02,20.85,15.509647
2022-09-06,20.8,15.472454
2022-09-07,20.88,15.531963
2022-09-08,20.92,15.561712
2022-09-09,21.04,15.65098
2022-09-12,21.1,15.69561
2022-09-13,20.9,15.546842
2022-09-14,20.9,15.546842
2022-09-15,20.87,15.524526
2022-09-16,20.83,15.49477
2022-09-19,20.79,15.529877
2022-09-20,20.71,15.470119
2022-09-21,20.7,15.462651
2022-09-22,20.61,15.395418
2022-09-23,20.39,15.231079
2022-09-26,20.38,15.22361
2022-09-27,20.34,15.193732
2022-09-28,20.39,15.231079
2022-09-29,20.25,15.126508
2022-09-30,20.19,15.081688
2022-10-03,20.36,15.208682
2022-10-04,20.65,15.425299
2022-10-05,20.67,15.440242
2022-10-06,20.69,15.455182
2022-10-07,20.62,15.402887
2022-10-10,20.52,15.328193
2022-10-11,20.55,15.350604
2022-10-12,20.45,15.275908
2022-10-13,20.48,15.298307
2022-10-14,20.51,15.320716
2022-10-17,20.68,15.44771
2022-10-18,20.8,15.537346
2022-10-19,20.71,15.470119
2022-10-20,20.71,15.470119
2022-10-21,20.62,15.402887
2022-10-24,20.53,15.407393
2022-10-25,20.58,15.444918
2022-10-26,20.56,15.429907
2022-10-27,20.63,15.482441
2022-10-28,20.75,15.572502
2022-10-31,20.72,15.549984
2022-11-01,20.7,15.534973
2022-11-02,20.67,15.512462
2022-11-03,20.67,15.512462
2022-11-04,20.75,15.572502
2022-11-07,20.76,15.580001
2022-11-08,20.81,15.617526
2022-11-09,20.71,15.542481
2022-11-10,21.03,15.782633
2022-11-11,21.04,15.790137
2022-11-14,20.79,15.602515
2022-11-15,20.96,15.730095
2022-11-16,20.96,15.730095
2022-11-17,20.9,15.685075
2022-11-18,20.91,15.692579
2022-11-21,20.7,15.620886
2022-11-22,20.74,15.651072
2022-11-23,20.79,15.688802
2022-11-25,20.74,15.651072
2022-11-28,20.69,15.613342
2022-11-29,20.7,15.620886
2022-11-30,20.82,15.711441
2022-12-01,20.92,15.786901
2022-12-02,20.9,15.771817
2022-12-05,20.88,15.756719
2022-12-06,20.71,15.628433
2022-12-07,20.73,15.643526
2022-12-08,20.77,15.673712
2022-12-09,20.8,15.696345
2022-12-12,20.83,15.718987
2022-12-13,20.99,15.839732
2022-12-14,20.92,15.786901
2022-12-15,20.85,15.734081
2022-12-16,20.89,15.764269
2022-12-19,20.62,15.715485
2022-12-20,20.61,15.707868
2022-12-21,20.76,15.822186
2022-12-22,20.71,15.784081
2022-12-23,20.81,15.860297
2022-12-27,20.68,15.761218
2022-12-28,20.51,15.631648
2022-12-29,20.62,15.715485
2022-12-30,20.53,15.646895
2023-01-03,20.62,15.715485
2023-01-04,20.73,15.799327
2023-01-05,20.75,15.814571
2023-01-06,20.95,15.966993
2023-01-09,21.02,16.020351
2023-01-10,20.99,15.997485
2023-01-11,21.07,16.058449
2023-01-12,21.14,16.111805
2023-01-13,21.13,16.104183
2023-01-17,21.15,16.119423
2023-01-18,21.14,16.111805
2023-01-19,21.14,16.111805
2023-01-20,21.13,16.104183
2023-01-23,21.06,16.144053
2023-01-24,21.06,16.144053
2023-01-25,21.07,16.151711
2023-01-26,21.08,16.15938
2023-01-27,21.06,16.144053
2023-01-30,21.01,16.105719
2023-01-31,21.11,16.182375
2023-02-01,21.13,16.197708
2023-02-02,21.19,16.243702
2023-02-03,21.16,16.220695
2023-02-06,21.16,16.220695
2023-02-07,21.17,16.228371
2023-02-08,21.16,16.220695
2023-02-09,21.11,16.182375
2023-02-10,21.16,16.220695
2023-02-13,21.14,16.205366
2023-02-14,21.18,16.236034
2023-02-15,21.13,16.197708
2023-02-16,21.12,16.190042
2023-02-17,21.08,16.15938
2023-02-21,20.87,16.098436
2023-02-22,20.86,16.090725
2023-02-23,20.9,16.12158
2023-02-24,20.88,16.106153
2023-02-27,20.94,16.152435
2023-02-28,20.95,16.160147
2023-03-01,20.95,16.160147
2023-03-02,20.98,16.183285
2023-03-03,21.08,16.260433
2023-03-06,21.07,16.252712
2023-03-07,20.99,16.191006
2023-03-08,21.02,16.214146
2023-03-09,20.93,16.144716
2023-03-10,20.91,16.129293
2023-03-13,20.59,15.882452
2023-03-14,20.72,15.98273
2023-03-15,20.56,15.859318
2023-03-16,20.65,15.928731
2023-03-17,20.52,15.828459
2023-03-20,20.43,15.864961
2023-03-21,20.61,16.004738
2023-03-22,20.56,15.965911
2023-03-23,20.55,15.95814
2023-03-24,20.43,15.864961
2023-03-27,20.56,15.965911
2023-03-28,20.61,16.004738
2023-03-29,20.72,16.090151
2023-03-30,20.8,16.152283
2023-03-31,20.8,16.152283
2023-04-03,20.83,16.175585
2023-04-04,20.85,16.191114
2023-04-05,20.85,16.191114
2023-04-06,20.86,16.198872
2023-04-10,20.89,16.222176
2023-04-11,20.95,16.268763
2023-04-12,20.94,16.261
2023-04-13,21.01,16.315359
2023-04-14,20.95,16.268763
2023-04-17,21.01,16.315359
2023-04-18,20.99,16.299829
2023-04-19,20.99,16.299829
2023-04-20,20.98,16.292057
2023-04-21,20.97,16.284294
2023-04-24,20.87,16.318701
2023-04-25,20.79,16.256145
2023-04-26,20.82,16.279608
2023-04-27,20.89,16.334335
2023-04-28,20.88,16.326521
2023-05-01,20.88,16.326521
2023-05-02,20.88,16.326521
2023-05-03,20.85,16.303062
2023-05-04,20.79,16.256145
2023-05-05,20.83,16.287422
2023-05-08,20.82,16.279608
2023-05-09,20.84,16.295244
2023-05-10,20.82,16.279608
2023-05-11,20.78,16.248331
2023-05-12,20.78,16.248331
2023-05-15,20.84,16.295244
2023-05-16,20.75,16.224873
2023-05-17,20.79,16.256145
2023-05-18,20.77,16.240509
2023-05-19,20.82,16.279608
2023-05-22,20.67,16.281183
2023-05-23,20.64,16.257547
2023-05-24,20.56,16.194532
2023-05-25,20.57,16.202414
2023-05-26,20.61,16.233925
2023-05-30,20.65,16.265425
2023-05-31,20.6,16.226044
2023-06-01,20.67,16.281183
2023-06-02,20.77,16.359947
2023-06-05,20.72,16.320564
2023-06-06,20.78,16.367825
2023-06-07,20.79,16.375698
2023-06-08,20.84,16.415083
2023-06-09,20.84,16.415083
2023-06-12,20.88,16.446592
2023-06-13,20.93,16.485973
2023-06-14,20.95,16.501726
2023-06-15,20.97,16.517481
2023-06-16,20.99,16.533237
2023-06-20,20.81,16.51815
2023-06-21,20.79,16.502277
2023-06-22,20.81,16.51815
2023-06-23,20.8,16.510218
2023-06-26,20.81,16.51815
2023-06-27,20.84,16.541971
2023-06-28,20.92,16.605463
2023-06-29,20.99,16.661032
2023-06-30,21.04,16.70072
2023-07-03,21.08,16.73247
2023-07-05,21.06,16.716591
2023-07-06,20.99,16.661032
2023-07-07,21.0,16.668968
2023-07-10,21.02,16.684843
2023-07-11,21.08,16.73247
2023-07-12,21.18,16.811844
2023-07-13,21.17,16.803907
2023-07-14,21.13,16.772158
2023-07-17,21.11,16.756285
2023-07-18,21.1,16.748341
2023-07-19,21.08,16.73247
2023-07-20,21.06,16.716591
2023-07-21,21.11,16.756285
2023-07-24,20.95,16.764288
2023-07-25,20.98,16.788292
2023-07-26,21.0,16.804295
2023-07-27,20.96,16.772284
2023-07-28,20.98,16.788292
2023-07-31,21.0,16.804295
2023-08-01,20.96,16.772284
2023-08-02,20.93,16.748278
2023-08-03,20.94,16.756279
2023-08-04,20.97,16.780289
2023-08-07,20.97,16.780289
2023-08-08,20.99,16.796293
2023-08-09,21.03,16.828297
2023-08-10,21.07,16.860306
2023-08-11,21.06,16.852304
2023-08-14,21.07,16.860306
2023-08-15,21.05,16.844307
2023-08-16,21.05,16.844307
2023-08-17,21.04,16.836304
2023-08-18,21.05,16.844307
2023-08-21,20.93,16.887871
2023-08-22,20.93,16.887871
2023-08-23,20.97,16.920151
2023-08-24,20.93,16.887871
2023-08-25,20.97,16.920151
2023-08-28,21.02,16.960491
2023-08-29,21.06,16.992767
2023-08-30,21.07,17.000834
2023-08-31,21.09,17.016979
2023-09-01,21.12,17.041183
2023-09-05,21.14,17.057316
2023-09-06,21.1,17.025047
2023-09-07,21.15,17.06539
2023-09-08,21.17,17.08153
2023-09-11,21.19,17.097666
2023-09-12,21.21,17.113806
2023-09-13,21.23,17.129938
2023-09-14,21.25,17.14608
2023-09-15,21.27,17.162214
2023-09-18,21.12,17.17848
2023-09-19,21.11,17.170353
2023-09-20,21.11,17.170353
2023-09-21,21.03,17.105276
2023-09-22,21.03,17.105276
2023-09-25,21.01,17.089006
2023-09-26,20.96,17.048338
2023-09-27,20.95,17.040211
2023-09-28,20.95,17.040211
2023-09-29,20.99,17.072742
2023-10-02,20.94,17.032072
2023-10-03,20.87,16.975136
2023-10-04,20.9,16.999538
2023-10-05,20.88,16.983271
2023-10-06,20.91,17.007677
2023-10-09,20.94,17.032072
2023-10-10,20.99,17.072742
2023-10-11,20.99,17.072742
2023-10-12,20.96,17.048338
2023-10-13,21.02,17.097141
2023-10-16,21.06,17.129675
2023-10-17,21.02,17.097141
2023-10-18,21.02,17.097141
2023-10-19,20.96,17.048338
2023-10-20,20.96,17.048338
2023-10-23,20.82,17.056532
2023-10-24,20.84,17.072916
2023-10-25,20.8,17.040154
2023-10-26,20.81,17.048334
2023-10-27,20.77,17.01557
2023-10-30,20.8,17.040154
2023-10-31,20.8,17.040154
2023-11-01,20.85,17.08111
2023-11-02,20.94,17.154842
2023-11-03,20.98,17.187609
2023-11-06,20.96,17.171227
2023-11-07,20.99,17.195807
2023-11-08,21.02,17.220379
2023-11-09,20.98,17.187609
2023-11-10,21.03,17.228571
2023-11-13,21.04,17.236767
2023-11-14,21.05,17.244959
2023-11-15,21.04,17.236767
2023-11-16,21.04,17.236767
2023-11-17,21.06,17.253149
2023-11-20,20.89,17.246546
2023-11-21,20.89,17.246546
2023-11-22,20.9,17.254807
2023-11-24,20.89,17.246546
2023-11-27,20.88,17.238291
2023-11-28,20.88,17.238291
2023-11-29,20.88,17.238291
2023-11-30,20.9,17.254807
2023-12-01,20.9,17.254807
2023-12-04,20.91,17.263062
2023-12-05,20.95,17.296085
2023-12-06,20.94,17.287828
2023-12-07,20.98,17.320848
2023-12-08,20.99,17.329105
2023-12-11,21.0,17.337362
2023-12-12,21.02,17.353878
2023-12-13,21.04,17.370384
2023-12-14,21.13,17.444691
2023-12-15,21.15,17.461199
2023-12-18,21.05,17.500278
2023-12-19,21.1,17.541843
2023-12-20,21.09,17.533531
2023-12-21,21.14,17.575098
2023-12-22,21.16,17.591724
2023-12-26,21.16,17.591724
2023-12-27,21.22,17.641609
2023-12-28,21.18,17.608356
2023-12-29,21.18,17.608356
2024-01-02,21.17,17.600042
2024-01-03,21.16,17.591724
2024-01-04,21.13,17.566786
2024-01-05,21.14,17.575098
2024-01-08,21.19,17.616669
2024-01-09,21.17,17.600042
2024-01-10,21.17,17.600042
2024-01-11,21.19,17.616669
2024-01-12,21.19,17.616669
2024-01-16,21.19,17.616669
2024-01-17,21.17,17.600042
2024-01-18,21.16,17.591724
2024-01-19,21.17,17.600042
2024-01-22,21.06,17.622629
2024-01-23,21.05,17.614262
2024-01-24,21.01,17.58079
2024-01-25,21.05,17.614262
2024-01-26,21.03,17.597528
2024-01-29,21.06,17.622629
2024-01-30,21.05,17.614262
2024-01-31,21.01,17.58079
2024-02-01,21.03,17.597528
2024-02-02,21.02,17.589159
2024-02-05,21.01,17.58079
2024-02-06,21.06,17.622629
2024-02-07,21.06,17.622629
2024-02-08,21.09,17.647728
2024-02-09,21.09,17.647728
2024-02-12,21.08,17.639368
2024-02-13,21.07,17.630999
2024-02-14,21.1,17.656111
2024-02-15,21.12,17.672838
2024-02-16,21.14,17.689571
2024-02-20,21.02,17.704731
2024-02-21,21.04,17.721581
2024-02-22,21.08,17.755274
2024-02-23,21.1,17.772125
2024-02-26,21.11,17.78054
2024-02-27,21.12,17.78896
2024-02-28,21.11,17.78054
2024-02-29,21.12,17.78896
2024-03-01,21.14,17.805805
2024-03-04,21.16,17.822655
2024-03-05,21.14,17.805805
2024-03-06,21.18,17.8395
2024-03-07,21.19,17.847923
2024-03-08,21.19,17.847923
2024-03-11,21.2,17.856346
2024-03-12,21.23,17.881611
2024-03-13,21.22,17.87319
2024-03-14,21.21,17.864761
2024-03-15,21.22,17.87319
2024-03-18,21.08,17.878279
2024-03-19,21.1,17.895245
2024-03-20,21.13,17.920683
2024-03-21,21.13,17.920683
2024-03-22,21.05,17.852835
2024-03-25,21.07,17.869795
2024-03-26,21.07,17.869795
2024-03-27,21.11,17.903723
2024-03-28,21.15,17.937649
2024-04-01,21.14,17.929165
2024-04-02,21.13,17.920683
2024-04-03,21.12,17.912203
2024-04-04,21.06,17.861315
2024-04-05,21.1,17.895245
2024-04-08,21.13,17.920683
2024-04-09,21.16,17.946129
2024-04-10,21.11,17.903723
2024-04-11,21.11,17.903723
2024-04-12,21.08,17.878279
2024-04-15,21.08,17.878279
2024-04-16,21.07,17.869795
2024-04-17,21.08,17.878279
2024-04-18,21.11,17.903723
2024-04-19,21.1,17.895245
2024-04-22,21.0,17.935383
2024-04-23,21.06,17.986628
2024-04-24,21.07,17.995171
2024-04-25,21.03,17.961008
2024-04-26,21.08,18.003708
2024-04-29,21.07,17.995171
2024-04-30,21.05,17.97809
2024-05-01,21.08,18.003708
2024-05-02,21.12,18.037868
2024-05-03,21.17,18.08057
2024-05-06,21.2,18.106197
2024-05-07,21.2,18.106197
2024-05-08,21.18,18.089113
2024-05-09,21.21,18.114737
2024-05-10,21.2,18.106197
2024-05-13,21.19,18.09766
2024-05-14,21.22,18.123276
2024-05-15,21.22,18.123276
2024-05-16,21.19,18.09766
2024-05-17,21.22,18.123276
2024-05-20,21.07,18.129301
2024-05-21,21.08,18.137901
2024-05-22,21.08,18.137901
2024-05-23,21.07,18.129301
2024-05-24,21.09,18.146507
2024-05-28,21.09,18.146507
2024-05-29,21.08,18.137901
2024-05-30,21.09,18.146507
2024-05-31,21.12,18.172319
2024-06-03,21.15,18.19813
2024-06-04,21.14,18.189533
2024-06-05,21.15,18.19813
2024-06-06,21.15,18.19813
2024-06-07,21.16,18.206736
2024-06-10,21.18,18.223951
2024-06-11,21.17,18.215343
2024-06-12,21.18,18.223951
2024-06-13,21.16,18.206736
2024-06-14,21.09,18.146507
2024-06-17,21.13,18.180931
2024-06-18,21.13,18.180931
2024-06-20,21.15,18.19813
2024-06-21,21.13,18.180931
2024-06-24,21.02,18.210381
2024-06-25,21.02,18.210381
2024-06-26,21.01,18.201721
2024-06-27,21.03,18.219049
2024-06-28,21.04,18.227711
2024-07-01,21.03,18.219049
2024-07-02,21.04,18.227711
2024-07-03,21.05,18.236372
2024-07-05,21.08,18.262362
2024-07-08,21.07,18.2537
2024-07-09,21.1,18.279688
2024-07-10,21.11,18.288351
2024-07-11,21.14,18.314339
2024-07-12,21.15,18.323006
2024-07-15,21.15,18.323006
2024-07-16,21.16,18.331667
2024-07-17,21.16,18.331667
2024-07-18,21.16,18.331667
2024-07-19,21.17,18.34033
2024-07-22,21.04,18.360401
2024-07-23,21.02,18.342951
2024-07-24,21.0,18.325495
2024-07-25,20.96,18.29059
2024-07-26,20.98,18.308046
2024-07-29,20.99,18.316769
2024-07-30,20.97,18.299316
2024-07-31,21.0,18.325495
2024-08-01,20.98,18.308046
2024-08-02,20.89,18.229506
2024-08-05,20.69,18.054977
2024-08-06,20.87,18.212053
2024-08-07,20.87,18.212053
2024-08-08,20.97,18.299316
2024-08-09,20.96,18.29059
2024-08-12,20.97,18.299316
2024-08-13,20.98,18.308046
2024-08-14,20.98,18.308046
2024-08-15,21.03,18.351681
2024-08-16,21.05,18.369127
2024-08-19,20.89,18.371767
2024-08-20,20.89,18.371767
2024-08-21,20.91,18.38936
2024-08-22,20.89,18.371767
2024-08-23,20.93,18.406946
2024-08-26,20.94,18.415743
2024-08-27,20.95,18.424534
2024-08-28,21.01,18.477304
2024-08-29,21.04,18.503683
2024-08-30,21.07,18.530066
2024-09-03,21.02,18.486097
2024-09-04,21.01,18.477304
2024-09-05,21.03,18.494896
2024-09-06,21.01,18.477304
2024-09-09,21.05,18.512478
2024-09-10,21.07,18.530066
2024-09-11,21.07,18.530066
2024-09-12,21.09,18.547653
2024-09-13,21.09,18.547653
2024-09-16,21.11,18.565248
2024-09-17,21.12,18.574041
2024-09-18,21.12,18.574041
2024-09-19,21.14,18.591625
2024-09-20,21.13,18.582834
2024-09-23,20.96,18.582834
2024-09-24,20.94,18.565107
2024-09-25,20.95,18.573969
2024-09-26,20.96,18.582834
2024-09-27,20.96,18.582834
2024-09-30,21.01,18.627165
2024-10-01,20.99,18.60943
2024-10-02,20.99,18.60943
2024-10-03,20.98,18.600571
2024-10-04,21.06,18.671495
2024-10-07,21.04,18.653763
2024-10-08,21.06,18.671495
2024-10-09,21.09,18.69809
2024-10-10,21.11,18.71583
2024-10-11,21.13,18.733557
2024-10-14,21.14,18.742414
2024-10-15,21.16,18.760147
2024-10-16,21.15,18.751286
2024-10-17,21.16,18.760147
2024-10-18,21.16,18.760147
2024-10-21,21.02,18.782492
2024-10-22,21.02,18.782492
2024-10-23,21.0,18.764622
2024-10-24,21.01,18.773556
2024-10-25,21.02,18.782492
2024-10-28,21.03,18.791424
2024-10-29,21.01,18.773556
2024-10-30,21.03,18.791424
2024-10-31,20.99,18.755682
2024-11-01,21.01,18.773556
2024-11-04,21.01,18.773556
2024-11-05,21.03,18.791424
2024-11-06,21.09,18.845039
2024-11-07,21.13,18.880783
2024-11-08,21.15,18.898651
2024-11-11,21.19,18.934397
2024-11-12,21.18,18.925461
2024-11-13,21.16,18.907583
2024-11-14,21.16,18.907583
2024-11-15,21.17,18.916527
2024-11-18,21.09,18.96328
2024-11-19,21.08,18.954288
2024-11-20,21.08,18.954288
2024-11-21,21.1,18.972273
2024-11-22,21.09,18.96328
2024-11-25,21.09,18.96328
2024-11-26,21.08,18.954288
2024-11-27,21.09,18.96328
2024-11-29,21.11,18.98127
2024-12-02,21.13,18.999249
2024-12-03,21.14,19.008232
2024-12-04,21.13,18.999249
2024-12-05,21.13,18.999249
2024-12-06,21.14,19.008232
2024-12-09,21.14,19.008232
2024-12-10,21.14,19.008232
2024-12-11,21.14,19.008232
2024-12-12,21.16,19.026217
2024-12-13,21.17,19.035215
2024-12-16,21.17,19.035215
2024-12-17,21.15,19.017229
2024-12-18,21.1,18.972273
2024-12-19,21.1,18.972273
2024-12-20,21.12,18.990257
2024-12-23,21.01,18.9993
2024-12-24,21.04,19.026428
2024-12-26,21.04,19.026428
2024-12-27,21.05,19.035473
2024-12-30,21.03,19.017387
2024-12-31,21.07,19.05356
2025-01-02,21.07,19.05356
2025-01-03,21.1,19.080685
2025-01-06,21.11,19.089733
2025-01-07,21.13,19.107813
2025-01-08,21.12,19.098772
2025-01-10,21.1,19.080685
2025-01-13,21.1,19.080685
2025-01-14,21.1,19.080685
2025-01-15,21.14,19.116854
2025-01-16,21.13,19.107813
2025-01-17,21.15,19.1259
2025-01-21,21.05,19.147736
2025-01-22,21.06,19.156826
2025-01-23,21.06,19.156826
2025-01-24,21.06,19.156826
2025-01-27,21.06,19.156826
2025-01-28,21.05,19.147736
2025-01-29,21.04,19.138636
2025-01-30,21.07,19.165926
2025-01-31,21.05,19.147736
2025-02-03,21.02,19.120443
2025-02-04,21.05,19.147736
2025-02-05,21.05,19.147736
2025-02-06,21.03,19.129541
2025-02-07,21.02,19.120443
2025-02-10,21.03,19.129541
2025-02-11,21.01,19.111349
2025-02-12,21.02,19.120443
2025-02-13,21.05,19.147736
2025-02-14,21.07,19.165926
2025-02-18,21.08,19.175022
2025-02-19,21.08,19.175022
2025-02-20,21.07,19.165926
2025-02-21,21.04,19.138636
2025-02-24,20.92,19.131317
2025-02-25,20.92,19.131317
2025-02-26,20.94,19.149609
2025-02-27,20.94,19.149609
2025-02-28,20.96,19.167898
2025-03-03,20.89,19.103884
2025-03-04,20.87,19.085594
2025-03-05,20.91,19.122173
2025-03-06,20.88,19.094738
2025-03-07,20.9,19.113028
2025-03-10,20.85,19.067305
2025-03-11,20.85,19.067305
2025-03-12,20.84,19.058163
2025-03-13,20.79,19.012432
2025-03-14,20.81,19.030724
2025-03-17,20.81,19.030724
2025-03-18,20.79,19.012432
2025-03-19,20.81,19.030724
2025-03-20,20.85,19.067305
2025-03-21,20.85,19.067305
2025-03-24,20.77,19.093046
2025-03-25,20.78,19.102236
2025-03-26,20.77,19.093046
2025-03-27,20.78,19.102236
2025-03-28,20.71,19.037882
2025-03-31,20.7,19.028696
2025-04-01,20.73,19.056274
2025-04-02,20.73,19.056274
2025-04-03,20.52,18.863232
2025-04-04,20.33,18.688568
2025-04-07,20.12,18.495527
2025-04-08,20.14,18.51391
2025-04-09,20.63,18.964342
2025-04-10,20.43,18.780495
2025-04-11,20.47,18.817259
2025-04-14,20.57,18.909189
2025-04-15,20.6,18.936768
2025-04-16,20.5,18.844845
2025-04-17,20.58,18.918381
2025-04-21,20.47,18.932251
2025-04-22,20.5,18.960003
2025-04-23,20.61,19.061743
2025-04-24,20.71,19.154222
2025-04-25,20.69,19.135731
2025-04-28,20.71,19.154222
2025-04-29,20.73,19.172726
2025-04-30,20.72,19.163473
2025-05-01,20.69,19.135731
2025-05-02,20.79,19.228214
2025-05-05,20.79,19.228214
2025-05-06,20.79,19.228214
2025-05-07,20.81,19.246716
2025-05-08,20.85,19.283714
2025-05-09,20.87,19.302208
2025-05-12,20.98,19.403944
2025-05-13,20.97,19.394693
2025-05-14,21.0,19.422441
2025-05-15,20.99,19.413197
2025-05-16,21.0,19.422441
2025-05-19,20.82,19.408461
2025-05-20,20.81,19.399137
2025-05-21,20.78,19.37117
2025-05-22,20.79,19.380491
2025-05-23,20.78,19.37117
2025-05-27,20.8,19.389816
2025-05-28,20.82,19.408461
2025-05-29,20.83,19.417784
2025-05-30,20.86,19.445745
2025-06-02,20.86,19.445745
2025-06-03,20.88,19.464392
2025-06-04,20.89,19.473715
2025-06-05,20.86,19.445745
2025-06-06,20.92,19.50168
2025-06-09,20.92,19.50168
2025-06-10,20.91,19.492361
2025-06-11,20.91,19.492361
2025-06-12,20.92,19.50168
2025-06-13,20.88,19.464392
2025-06-16,20.9,19.483036
2025-06-17,20.9,19.483036
2025-06-18,20.9,19.483036
2025-06-20,20.91,19.492361
2025-06-23,20.81,19.507357
2025-06-24,20.84,19.535479
2025-06-25,20.87,19.563604
2025-06-26,20.87,19.563604
2025-06-27,20.9,19.591721
2025-06-30,20.92,19.610468
2025-07-01,20.93,19.619843
2025-07-02,20.95,19.638594
2025-07-03,20.98,19.666716
2025-07-07,20.95,19.638594
2025-07-08,20.95,19.638594
2025-07-09,20.97,19.657337
2025-07-10,21.0,19.685459
2025-07-11,21.01,19.694838
2025-07-14,21.02,19.70421
2025-07-15,21.01,19.694838
2025-07-16,21.03,19.713587
2025-07-17,21.02,19.70421
2025-07-18,21.02,19.70421
2025-07-21,20.92,19.72212
2025-07-22,20.93,19.731548
2025-07-23,20.94,19.740974
2025-07-24,20.93,19.731548
2025-07-25,20.92,19.72212
2025-07-28,20.92,19.72212
2025-07-29,20.94,19.740974
2025-07-30,20.91,19.712696
2025-07-31,20.93,19.731548
2025-08-01,20.89,19.69384
2025-08-04,20.92,19.72212
2025-08-05,20.92,19.72212
2025-08-06,20.95,19.750406
2025-08-07,20.96,19.759829
2025-08-08,20.95,19.750406
2025-08-11,20.94,19.740974
2025-08-12,20.96,19.759829
2025-08-13,20.97,19.769257
2025-08-14,20.96,19.759829
2025-08-15,20.95,19.750406
2025-08-18,20.84,19.76273
2025-08-19,20.85,19.772217
2025-08-20,20.85,19.772217
2025-08-21,20.84,19.76273
2025-08-22,20.88,19.800665
2025-08-25,20.88,19.800665
2025-08-26,20.9,19.81963
2025-08-27,20.9,19.81963
2025-08-28,20.9,19.81963
2025-08-29,20.92,19.838594
2025-09-02,20.92,19.838594
2025-09-03,20.92,19.838594
2025-09-04,20.93,19.848078
2025-09-05,20.94,19.857561
2025-09-08,20.95,19.867048
2025-09-09,20.96,19.876526
2025-09-10,20.95,19.867048
2025-09-11,20.98,19.895496
2025-09-12,20.98,19.895496
2025-09-15,21.0,19.914459
2025-09-16,21.01,19.923944
2025-09-17,21.01,19.923944
2025-09-18,21.03,19.942911
2025-09-19,21.03,19.942911
2025-09-22,20.92,19.957218
2025-09-23,20.92,19.957218
2025-09-24,20.91,19.947681
2025-09-25,20.89,19.9286
2025-09-26,20.9,19.938141
2025-09-29,20.91,19.947681
2025-09-30,20.93,19.966759
2025-10-01,20.91,19.947681
2025-10-02,20.92,19.957218
2025-10-03,20.94,19.976299
2025-10-06,20.94,19.976299
2025-10-07,20.92,19.957218
2025-10-08,20.9,19.938141
2025-10-09,20.86,19.899979
2025-10-10,20.79,19.833204
2025-10-13,20.84,19.880899
2025-10-14,20.83,19.871361
2025-10-15,20.86,19.899979
2025-10-16,20.82,19.86182
2025-10-17,20.85,19.890444
2025-10-20,20.78,19.938419
2025-10-21,20.77,19.928823
2025-10-22,20.8,19.957603
2025-10-23,20.81,19.967201
2025-10-24,20.85,20.005583
2025-10-27,20.89,20.043964
2025-10-28,20.91,20.063152
2025-10-29,20.9,20.053556
2025-10-30,20.89,20.043964
2025-10-31,20.9,20.053556
2025-11-03,20.9,20.053556
2025-11-04,20.91,20.063152
2025-11-05,20.91,20.063152
2025-11-06,20.93,20.082342
2025-11-07,20.93,20.082342
2025-11-10,20.96,20.111126
2025-11-11,20.97,20.120722
2025-11-12,20.96,20.111126
2025-11-13,20.95,20.101538
2025-11-14,20.95,20.101538
2025-11-17,20.95,20.101538
2025-11-18,20.92,20.072746
2025-11-19,20.92,20.072746
2025-11-20,20.91,20.063152
2025-11-21,20.93,20.082342
2025-11-24,20.84,20.111292
2025-11-25,20.88,20.149893
2025-11-26,20.89,20.159546
2025-11-28,20.92,20.188494
2025-12-01,20.9,20.169195
2025-12-02,20.89,20.159546
2025-12-03,20.91,20.178846
2025-12-04,20.95,20.217451
2025-12-05,20.96,20.227097
2025-12-08,20.98,20.246399
2025-12-09,20.99,20.25605
2025-12-10,21.01,20.275349
2025-12-11,21.01,20.275349
2025-12-12,21.01,20.275349
2025-12-15,21.02,20.285
2025-12-16,21.02,20.285
2025-12-17,20.98,20.246399
2025-12-18,21.0,20.265697
2025-12-19,21.01,20.275349
2025-12-22,20.94,20.307354
2025-12-23,20.96,20.326748
2025-12-24,20.97,20.336445
2025-12-26,20.99,20.355843
2025-12-29,20.98,20.346144
2025-12-30,21.0,20.365538
2025-12-31,21.0,20.365538
2026-01-02,21.01,20.375237
2026-01-05,21.03,20.394632
2026-01-06,21.04,20.404333
2026-01-07,21.04,20.404333
2026-01-08,21.05,20.414028
2026-01-09,21.06,20.423725
2026-01-12,21.06,20.423725
2026-01-13,21.06,20.423725
2026-01-14,21.04,20.404333
2026-01-15,21.04,20.404333
2026-01-16,21.06,20.423725
2026-01-20,20.92,20.392534
2026-01-21,20.88,20.353542
2026-01-22,20.9,20.373037
2026-01-23,20.88,20.353542
2026-01-26,20.84,20.31455
2026-01-27,20.82,20.295053
2026-01-28,20.8,20.275558
2026-01-29,20.73,20.207321
2026-01-30,20.74,20.217073
2026-02-02,20.77,20.246317
2026-02-03,20.71,20.187824
2026-02-04,20.64,20.119593
2026-02-05,20.6,20.080603
2026-02-06,20.68,20.158585
2026-02-09,20.68,20.158585
2026-02-10,20.67,20.148838
2026-02-11,20.68,20.158585
2026-02-12,20.62,20.1001
2026-02-13,20.64,20.119593
2026-02-17,20.65,20.129341
2026-02-18,20.67,20.148838
2026-02-19,20.64,20.119593
2026-02-20,20.64,20.119593
2026-02-23,20.39,19.973637
2026-02-24,20.37,19.954046
2026-02-25,20.42,20.003025
2026-02-26,20.34,19.924658
2026-02-27,20.21,19.797312
2026-03-02,20.21,19.797312
2026-03-03,20.25,19.836494
2026-03-04,20.44,20.022615
2026-03-05,20.45,20.032412
2026-03-06,20.36,19.944248
2026-03-09,20.51,20.091187
2026-03-10,20.51,20.091187
2026-03-11,20.54,20.120573
2026-03-12,20.5,20.08139
2026-03-13,20.46,20.042206
2026-03-16,20.47,20.052004
2026-03-17,20.54,20.120573
2026-03-18,20.53,20.110779
2026-03-19,20.54,20.120573
2026-03-20,20.49,20.071592
2026-03-23,20.47,20.16617
2026-03-24,20.45,20.146467
2026-03-25,20.5,20.195724
2026-03-26,20.48,20.17602
2026-03-27,20.33,20.028246
2026-03-30,20.31,20.008543
2026-03-31,20.41,20.107058
2026-04-01,20.45,20.146467
2026-04-02,20.48,20.17602
2026-04-06,20.48,20.17602
2026-04-07,20.5,20.195724
2026-04-08,20.6,20.294239
2026-04-09,20.56,20.254833
2026-04-10,20.49,20.185871
2026-04-13,20.51,20.205576
2026-04-14,20.54,20.23513
2026-04-15,20.54,20.23513
2026-04-16,20.55,20.244982
2026-04-17,20.67,20.363201
2026-04-20,20.57,20.368151
2026-04-21,20.55,20.348347
2026-04-22,20.55,20.348347
2026-04-23,20.52,20.318642
2026-04-24,20.52,20.318642
2026-04-27,20.56,20.35825
2026-04-28,20.54,20.338446
2026-04-29,20.58,20.378052
2026-04-30,20.58,20.378052
2026-05-01,20.58,20.378052
2026-05-04,20.6,20.397858
2026-05-05,20.63,20.427563
2026-05-06,20.64,20.437464
2026-05-07,20.66,20.457268
2026-05-08,20.65,20.447365
2026-05-11,20.65,20.447365
2026-05-12,20.64,20.437464
2026-05-13,20.65,20.447365
2026-05-14,20.66,20.457268
2026-05-15,20.61,20.407759
2026-05-18,20.52,20.418705
2026-05-19,20.5,20.398802
2026-05-20,20.5,20.398802
2026-05-21,20.49,20.388851
2026-05-22,20.47,20.36895
2026-05-26,20.48,20.378901
2026-05-27,20.5,20.398802
2026-05-28,20.49,20.388851
2026-05-29,20.47,20.36895
2026-06-01,20.51,20.408754
2026-06-02,20.51,20.408754
2026-06-03,20.51,20.408754
2026-06-04,20.5,20.398802
2026-06-05,20.46,20.358999
2026-06-08,20.46,20.358999
2026-06-09,20.47,20.36895
2026-06-10,20.42,20.319197
2026-06-11,20.44,20.3391
2026-06-12,20.43,20.329149
2026-06-15,20.46,20.358999
2026-06-16,20.5,20.398802
2026-06-17,20.47,20.36895
2026-06-18,20.46,20.358999
2026-06-22,20.36,20.360001
2026-06-23,20.34,20.34
2026-06-24,20.32,20.32
2026-06-25,20.31,20.309999
2026-06-26,20.3,20.299999
2026-06-29,20.3,20.299999
2026-06-30,20.37,20.370001
2026-07-01,20.36,20.360001
2026-07-02,20.35,20.35
2026-07-06,20.39,20.389999
2026-07-07,20.42,20.42
2026-07-08,20.42,20.42
2026-07-09,20.43,20.43
2026-07-10,20.44,20.440001
2026-07-13,20.44,20.440001
2026-07-14,20.46,20.459999
2026-07-15,20.47,20.469999
2026-07-16,20.47,20.469999
2026-07-17,20.48,20.48
